{"name":"7bd1bf94-ec9c-4c22-8ed4-0474419d3bfc","id":"/providers/Microsoft.Flow/flows/7bd1bf94-ec9c-4c22-8ed4-0474419d3bfc","type":"Microsoft.Flow/flows","properties":{"apiId":"/providers/Microsoft.PowerApps/apis/shared_logicflows","displayName":"Consulta CNPJ [BASE]","definition":{"metadata":{"workflowEntityId":null,"processAdvisorMetadata":null,"flowclientsuspensionreason":"None","flowclientsuspensiontime":null,"creator":{"id":"2847f3c4-5a3b-43ab-ad51-7890716df7c6","type":"User","tenantId":"86466b74-0140-40b0-99a0-ee0ad6251780"},"provisioningMethod":"FromDefinition","failureAlertSubscription":true,"clientLastModifiedTime":"2022-03-08T21:11:10.463229Z"},"$schema":"https://schema.management.azure.com/providers/Microsoft.Logic/schemas/2016-06-01/workflowdefinition.json#","contentVersion":"1.0.0.0","parameters":{"$authentication":{"defaultValue":{},"type":"SecureObject"}},"triggers":{"manual":{"metadata":{"operationMetadataId":"accdc28b-5113-4903-848b-317cdcf8089c"},"type":"Request","kind":"Http","inputs":{"schema":{"type":"object","properties":{"CNPJ":{"type":"string"}}}}}},"actions":{"Inicializar_variável":{"runAfter":{},"metadata":{"operationMetadataId":"ffb21e58-41b2-4f6b-817a-50fda862a312"},"type":"InitializeVariable","inputs":{"variables":[{"name":"URL","type":"string","value":"https://www.receitaws.com.br/v1/cnpj/@{triggerBody()?['CNPJ']}"}]}},"HTTP":{"runAfter":{"Inicializar_variável":["Succeeded"]},"metadata":{"operationMetadataId":"210293c9-c46b-4c05-b4fa-c3094f86d726"},"type":"Http","inputs":{"method":"GET","uri":"@variables('URL')","headers":{"Authorization":"Bearer 402e161b6b59b84806fc9265ff36f123d33372cf57d4a69b821e7f286b6a8a31"}}},"Condition":{"actions":{"Response":{"runAfter":{},"metadata":{"operationMetadataId":"391757de-132b-4f18-80ae-f226378f4e6d"},"type":"Response","kind":"Http","inputs":{"statusCode":200,"body":"@body('HTTP')","schema":{"type":"object","properties":{"atividade_principal":{"type":"array","items":{"type":"object","properties":{"text":{"type":"string"},"code":{"type":"string"}},"required":["text","code"]}},"data_situacao":{"type":"string"},"complemento":{"type":"string"},"tipo":{"type":"string"},"nome":{"type":"string"},"telefone":{"type":"string"},"atividades_secundarias":{"type":"array","items":{"type":"object","properties":{"text":{"type":"string"},"code":{"type":"string"}},"required":["text","code"]}},"qsa":{"type":"array","items":{"type":"object","properties":{"qual":{"type":"string"},"nome":{"type":"string"}},"required":["qual","nome"]}},"situacao":{"type":"string"},"bairro":{"type":"string"},"logradouro":{"type":"string"},"numero":{"type":"string"},"cep":{"type":"string"},"municipio":{"type":"string"},"fantasia":{"type":"string"},"porte":{"type":"string"},"abertura":{"type":"string"},"natureza_juridica":{"type":"string"},"uf":{"type":"string"},"cnpj":{"type":"string"},"ultima_atualizacao":{"type":"string"},"status":{"type":"string"},"email":{"type":"string"},"efr":{"type":"string"},"motivo_situacao":{"type":"string"},"situacao_especial":{"type":"string"},"data_situacao_especial":{"type":"string"},"capital_social":{"type":"string"},"extra":{"type":"object","properties":{}},"billing":{"type":"object","properties":{"free":{"type":"boolean"},"database":{"type":"boolean"}}}}}}}},"runAfter":{"HTTP":["Succeeded"]},"else":{"actions":{"Response_2":{"runAfter":{},"metadata":{"operationMetadataId":"c14c6ee5-cd0a-4f89-bd44-fc0983245427"},"type":"Response","kind":"Http","inputs":{"statusCode":400}}}},"expression":{"equals":["@outputs('HTTP')['statusCode']",200]},"metadata":{"operationMetadataId":"9cee4893-4875-4918-b281-facfa8baf779"},"type":"If"}},"outputs":{}},"connectionReferences":{},"flowFailureAlertSubscribed":false}}