{"name":"2e2bec5d-7c05-4960-a9ea-e91d25ce366e","id":"/providers/Microsoft.Flow/flows/2e2bec5d-7c05-4960-a9ea-e91d25ce366e","type":"Microsoft.Flow/flows","properties":{"apiId":"/providers/Microsoft.PowerApps/apis/shared_logicflows","displayName":"Notifica Gerente Cliente Importante ","definition":{"metadata":{"workflowEntityId":null,"processAdvisorMetadata":null,"flowclientsuspensionreason":"None","flowclientsuspensiontime":null,"creator":{"id":"2847f3c4-5a3b-43ab-ad51-7890716df7c6","type":"User","tenantId":"86466b74-0140-40b0-99a0-ee0ad6251780"},"provisioningMethod":"FromDefinition","failureAlertSubscription":true,"clientLastModifiedTime":"2022-03-19T14:19:43.6265231Z"},"$schema":"https://schema.management.azure.com/providers/Microsoft.Logic/schemas/2016-06-01/workflowdefinition.json#","contentVersion":"1.0.0.0","parameters":{"$connections":{"defaultValue":{},"type":"Object"},"$authentication":{"defaultValue":{},"type":"SecureObject"}},"triggers":{"When_a__modified_Lead":{"metadata":{"operationMetadataId":"cdb42c8e-1728-4186-90bf-eb363c87b80a"},"type":"OpenApiConnectionWebhook","inputs":{"host":{"apiId":"/providers/Microsoft.PowerApps/apis/shared_commondataserviceforapps","connectionName":"shared_commondataserviceforapps","operationId":"SubscribeWebhookTrigger"},"parameters":{"subscriptionRequest/message":1,"subscriptionRequest/entityname":"lead","subscriptionRequest/scope":4,"subscriptionRequest/runas":2},"authentication":"@parameters('$authentication')"}}},"actions":{"Condition":{"actions":{"Get_Usuários_Gerente":{"runAfter":{},"metadata":{"operationMetadataId":"6eec1977-4ab3-4842-b5b3-93acf7914083"},"type":"OpenApiConnection","inputs":{"host":{"apiId":"/providers/Microsoft.PowerApps/apis/shared_commondataserviceforapps","connectionName":"shared_commondataserviceforapps","operationId":"GetItem"},"parameters":{"entityName":"systemusers","recordId":"@triggerOutputs()?['body/_ownerid_value']","$select":"parentsystemuserid, internalemailaddress","$expand":"parentsystemuserid($select=internalemailaddress, fullname)"},"authentication":"@parameters('$authentication')"},"description":"Recupera o registro do usuário que é proprietário do cliente potencial, retornando um dado relacionado do seu gerente"},"Send_an_email_(V2)":{"runAfter":{"Get_Usuários_Gerente":["Succeeded"]},"metadata":{"operationMetadataId":"8b32823c-fdc3-435f-91f6-2e5da4fb9e16"},"type":"OpenApiConnection","inputs":{"host":{"apiId":"/providers/Microsoft.PowerApps/apis/shared_office365","connectionName":"shared_office365","operationId":"SendEmailV2"},"parameters":{"emailMessage/To":"@outputs('Get_Usuários_Gerente')?['body/parentsystemuserid/internalemailaddress']","emailMessage/Subject":"Academia Dynamics 365 - Notificação Cliente Potencial Importante","emailMessage/Body":"<p>Prezado @{outputs('Get_Usuários_Gerente')?['body/parentsystemuserid/fullname']},<br>\n<br>\nCliente potencial @{triggerOutputs()?['body/firstname']} importante criado, para acessa-lo click no link abaixo:<br>\n<br>\nhttps://academiadevce365.crm2.dynamics.com/main.aspx?appid=2bb929d1-179b-ec11-b401-002248d3052a&amp;pagetype=entityrecord&amp;etn=lead&amp;id=@{triggerOutputs()?['body/leadid']}<br>\n<br>\n<br>\n</p>","emailMessage/Cc":"@outputs('Get_Usuários_Gerente')?['body/internalemailaddress']","emailMessage/Importance":"Normal"},"authentication":"@parameters('$authentication')"}},"Post_message_in_a_chat_or_channel":{"runAfter":{"Get_Usuários_Gerente":["Succeeded"]},"metadata":{"operationMetadataId":"6b2220c4-08c5-47c4-bd26-87ffa036ee3e"},"type":"OpenApiConnection","inputs":{"host":{"apiId":"/providers/Microsoft.PowerApps/apis/shared_teams","connectionName":"shared_teams","operationId":"PostMessageToConversation"},"parameters":{"poster":"Flow bot","location":"Chat with Flow bot","body/recipient":"@{outputs('Get_Usuários_Gerente')?['body/parentsystemuserid/internalemailaddress']};","body/messageBody":"<p>Prezado @{outputs('Get_Usuários_Gerente')?['body/parentsystemuserid/fullname']},<br>\n<br>\nCliente potencial @{triggerOutputs()?['body/firstname']} importante criado, para acessa-lo click no link abaixo:<br>\n<br>\nhttps://academiadevce365.crm2.dynamics.com/main.aspx?appid=2bb929d1-179b-ec11-b401-002248d3052a&amp;pagetype=entityrecord&amp;etn=lead&amp;id=@{triggerOutputs()?['body/leadid']}</p>"},"authentication":"@parameters('$authentication')"}}},"runAfter":{},"expression":{"greater":["@triggerOutputs()?['body/revenue']",5000000]},"metadata":{"operationMetadataId":"80fb35c8-000b-48ea-9d82-f47ce1f6c04e"},"type":"If"}},"outputs":{}},"connectionReferences":{"shared_commondataserviceforapps":{"connectionName":"shared-commondataser-cb8ade5a-51f2-4775-82a8-96bbb65dfd97","source":"Embedded","id":"/providers/Microsoft.PowerApps/apis/shared_commondataserviceforapps","tier":"NotSpecified"},"shared_office365":{"connectionName":"shared-office365-943daae8-2bb7-4fd7-87fa-f90b1bb4da0f","source":"Embedded","id":"/providers/Microsoft.PowerApps/apis/shared_office365","tier":"NotSpecified"},"shared_teams":{"connectionName":"shared-teams-1b71f3d8-a806-43b2-b12d-a4c5e64df20b","source":"Embedded","id":"/providers/Microsoft.PowerApps/apis/shared_teams","tier":"NotSpecified"}},"flowFailureAlertSubscribed":false}}