<ImportExportXml version="9.2.22024.132" SolutionPackageVersion="9.2" languagecode="1046" generatedBy="CrmLive" xmlns:xsi="http://www.w3.org/2001/XMLSchema-instance">
  <SolutionManifest>
    <UniqueName>SoluoBaseAcademia</UniqueName>
    <LocalizedNames>
      <LocalizedName description="Solução Base Academia" languagecode="1046" />
    </LocalizedNames>
    <Descriptions />
    <Version>1.0.0.0</Version>
    <Managed>0</Managed>
    <Publisher>
      <UniqueName>Pentare</UniqueName>
      <LocalizedNames>
        <LocalizedName description="Pentare " languagecode="1046" />
      </LocalizedNames>
      <Descriptions />
      <EMailAddress xsi:nil="true"></EMailAddress>
      <SupportingWebsiteUrl xsi:nil="true"></SupportingWebsiteUrl>
      <CustomizationPrefix>ptr</CustomizationPrefix>
      <CustomizationOptionValuePrefix>89566</CustomizationOptionValuePrefix>
      <Addresses>
        <Address>
          <AddressNumber>1</AddressNumber>
          <AddressTypeCode>1</AddressTypeCode>
          <City xsi:nil="true"></City>
          <County xsi:nil="true"></County>
          <Country xsi:nil="true"></Country>
          <Fax xsi:nil="true"></Fax>
          <FreightTermsCode xsi:nil="true"></FreightTermsCode>
          <ImportSequenceNumber xsi:nil="true"></ImportSequenceNumber>
          <Latitude xsi:nil="true"></Latitude>
          <Line1 xsi:nil="true"></Line1>
          <Line2 xsi:nil="true"></Line2>
          <Line3 xsi:nil="true"></Line3>
          <Longitude xsi:nil="true"></Longitude>
          <Name xsi:nil="true"></Name>
          <PostalCode xsi:nil="true"></PostalCode>
          <PostOfficeBox xsi:nil="true"></PostOfficeBox>
          <PrimaryContactName xsi:nil="true"></PrimaryContactName>
          <ShippingMethodCode>1</ShippingMethodCode>
          <StateOrProvince xsi:nil="true"></StateOrProvince>
          <Telephone1 xsi:nil="true"></Telephone1>
          <Telephone2 xsi:nil="true"></Telephone2>
          <Telephone3 xsi:nil="true"></Telephone3>
          <TimeZoneRuleVersionNumber xsi:nil="true"></TimeZoneRuleVersionNumber>
          <UPSZone xsi:nil="true"></UPSZone>
          <UTCOffset xsi:nil="true"></UTCOffset>
          <UTCConversionTimeZoneCode xsi:nil="true"></UTCConversionTimeZoneCode>
        </Address>
        <Address>
          <AddressNumber>2</AddressNumber>
          <AddressTypeCode>1</AddressTypeCode>
          <City xsi:nil="true"></City>
          <County xsi:nil="true"></County>
          <Country xsi:nil="true"></Country>
          <Fax xsi:nil="true"></Fax>
          <FreightTermsCode xsi:nil="true"></FreightTermsCode>
          <ImportSequenceNumber xsi:nil="true"></ImportSequenceNumber>
          <Latitude xsi:nil="true"></Latitude>
          <Line1 xsi:nil="true"></Line1>
          <Line2 xsi:nil="true"></Line2>
          <Line3 xsi:nil="true"></Line3>
          <Longitude xsi:nil="true"></Longitude>
          <Name xsi:nil="true"></Name>
          <PostalCode xsi:nil="true"></PostalCode>
          <PostOfficeBox xsi:nil="true"></PostOfficeBox>
          <PrimaryContactName xsi:nil="true"></PrimaryContactName>
          <ShippingMethodCode>1</ShippingMethodCode>
          <StateOrProvince xsi:nil="true"></StateOrProvince>
          <Telephone1 xsi:nil="true"></Telephone1>
          <Telephone2 xsi:nil="true"></Telephone2>
          <Telephone3 xsi:nil="true"></Telephone3>
          <TimeZoneRuleVersionNumber xsi:nil="true"></TimeZoneRuleVersionNumber>
          <UPSZone xsi:nil="true"></UPSZone>
          <UTCOffset xsi:nil="true"></UTCOffset>
          <UTCConversionTimeZoneCode xsi:nil="true"></UTCConversionTimeZoneCode>
        </Address>
      </Addresses>
    </Publisher>
    <RootComponents>
      <RootComponent type="1" schemaName="account" behavior="2" />
      <RootComponent type="1" schemaName="contact" behavior="2" />
      <RootComponent type="1" schemaName="opportunityproduct" behavior="2" />
      <RootComponent type="1" schemaName="ptr_impostos" behavior="0" />
      <RootComponent type="61" schemaName="ptr_icoimpostos" behavior="0" />
    </RootComponents>
    <MissingDependencies>
      <MissingDependency>
        <Required type="1" schemaName="entitlement" displayName="Direito" solution="msdynce_Service (9.0.5.56)">
          <package>msdynce_ServiceAnchor (9.0.22024.1005)</package>
        </Required>
        <Dependent type="60" displayName="Contact" parentDisplayName="Contato" id="{1fed44d1-ae68-4a41-bd2b-f13acac4acfa}" />
      </MissingDependency>
      <MissingDependency>
        <Required type="1" schemaName="entitlement" displayName="Direito" solution="msdynce_Service (9.0.5.56)">
          <package>msdynce_ServiceAnchor (9.0.22024.1005)</package>
        </Required>
        <Dependent type="60" displayName="Conta" parentDisplayName="Conta" id="{8448b78f-8f42-454e-8e2a-f8196b0419af}" />
      </MissingDependency>
      <MissingDependency>
        <Required type="1" schemaName="incident" displayName="Ocorrência" solution="msdynce_Service (9.0.5.56)">
          <package>msdynce_ServiceAnchor (9.0.22024.1005)</package>
        </Required>
        <Dependent type="60" displayName="Contact" parentDisplayName="Contato" id="{1fed44d1-ae68-4a41-bd2b-f13acac4acfa}" />
      </MissingDependency>
      <MissingDependency>
        <Required type="1" schemaName="incident" displayName="Ocorrência" solution="msdynce_Service (9.0.5.56)">
          <package>msdynce_ServiceAnchor (9.0.22024.1005)</package>
        </Required>
        <Dependent type="60" displayName="Conta" parentDisplayName="Conta" id="{8448b78f-8f42-454e-8e2a-f8196b0419af}" />
      </MissingDependency>
      <MissingDependency>
        <Required type="1" schemaName="opportunity" displayName="Oportunidade" solution="msdynce_Sales (9.0.4.0076)">
          <package>msdynce_SalesAnchor (9.0.22022.10004)</package>
        </Required>
        <Dependent type="60" displayName="Contact" parentDisplayName="Contato" id="{1fed44d1-ae68-4a41-bd2b-f13acac4acfa}" />
      </MissingDependency>
      <MissingDependency>
        <Required type="1" schemaName="opportunity" displayName="Oportunidade" solution="msdynce_Sales (9.0.4.0076)">
          <package>msdynce_SalesAnchor (9.0.22022.10004)</package>
        </Required>
        <Dependent type="60" displayName="Conta" parentDisplayName="Conta" id="{8448b78f-8f42-454e-8e2a-f8196b0419af}" />
      </MissingDependency>
      <MissingDependency>
        <Required type="1" schemaName="opportunityproduct" displayName="Produto da Oportunidade" solution="msdynce_Sales (9.0.4.0076)">
          <package>msdynce_SalesAnchor (9.0.22022.10004)</package>
        </Required>
        <Dependent type="1" schemaName="opportunityproduct" displayName="Produto da Oportunidade" />
      </MissingDependency>
      <MissingDependency>
        <Required type="1" schemaName="product" displayName="Produto" solution="msdynce_ProductManagement (9.0.4.0066)">
          <package>msdynce_ProductManagementAnchor (9.0.22024.10001)</package>
        </Required>
        <Dependent type="10" schemaName="ptr_impostos_produto_Product" displayName="ptr_impostos_produto_Product" parentSchemaName="product" parentDisplayName="Produto" />
      </MissingDependency>
      <MissingDependency>
        <Required type="2" schemaName="originatingleadid" displayName="Cliente Potencial Originador" parentSchemaName="account" parentDisplayName="Conta" solution="msdynce_LeadManagement (9.0.4.0066)">
          <package>msdynce_LeadManagementAnchor (9.0.22024.10001)</package>
        </Required>
        <Dependent type="60" displayName="Conta" parentDisplayName="Conta" id="{8448b78f-8f42-454e-8e2a-f8196b0419af}" />
      </MissingDependency>
      <MissingDependency>
        <Required type="2" schemaName="businesscard" displayName="Cartão de Visita" parentSchemaName="contact" parentDisplayName="Contato" solution="msdynce_SalesPatch201904 (9.0.1912.1007)">
          <package>msdynce_SalesAnchor (9.0.22022.10004)</package>
        </Required>
        <Dependent type="60" displayName="Contact" parentDisplayName="Contato" id="{1fed44d1-ae68-4a41-bd2b-f13acac4acfa}" />
      </MissingDependency>
      <MissingDependency>
        <Required type="2" schemaName="businesscardattributes" displayName="BusinessCardAttributes" parentSchemaName="contact" parentDisplayName="Contato" solution="msdynce_SalesPatch201904 (9.0.1912.1007)">
          <package>msdynce_SalesAnchor (9.0.22022.10004)</package>
        </Required>
        <Dependent type="60" displayName="Contact" parentDisplayName="Contato" id="{1fed44d1-ae68-4a41-bd2b-f13acac4acfa}" />
      </MissingDependency>
      <MissingDependency>
        <Required type="2" schemaName="originatingleadid" displayName="Cliente Potencial Originador" parentSchemaName="contact" parentDisplayName="Contato" solution="msdynce_LeadManagement (9.0.4.0066)">
          <package>msdynce_LeadManagementAnchor (9.0.22024.10001)</package>
        </Required>
        <Dependent type="60" displayName="Contact" parentDisplayName="Contato" id="{1fed44d1-ae68-4a41-bd2b-f13acac4acfa}" />
      </MissingDependency>
      <MissingDependency>
        <Required type="2" schemaName="baseamount" displayName="Valor" parentSchemaName="opportunityproduct" parentDisplayName="Produto da Oportunidade" solution="msdynce_Sales (9.0.4.0076)">
          <package>msdynce_SalesAnchor (9.0.22022.10004)</package>
        </Required>
        <Dependent type="60" displayName="OpportunityProduct" parentDisplayName="Produto da Oportunidade" id="{6e9a1c27-c09c-461b-8542-9ffef891f7ab}" />
      </MissingDependency>
      <MissingDependency>
        <Required type="2" schemaName="extendedamount" displayName="Valor Total" parentSchemaName="opportunityproduct" parentDisplayName="Produto da Oportunidade" solution="msdynce_Sales (9.0.4.0076)">
          <package>msdynce_SalesAnchor (9.0.22022.10004)</package>
        </Required>
        <Dependent type="60" displayName="OpportunityProduct" parentDisplayName="Produto da Oportunidade" id="{6e9a1c27-c09c-461b-8542-9ffef891f7ab}" />
      </MissingDependency>
      <MissingDependency>
        <Required type="2" schemaName="ispriceoverridden" displayName="Preço Substituído" parentSchemaName="opportunityproduct" parentDisplayName="Produto da Oportunidade" solution="msdynce_Sales (9.0.4.0076)">
          <package>msdynce_SalesAnchor (9.0.22022.10004)</package>
        </Required>
        <Dependent type="60" displayName="OpportunityProduct" parentDisplayName="Produto da Oportunidade" id="{6e9a1c27-c09c-461b-8542-9ffef891f7ab}" />
      </MissingDependency>
      <MissingDependency>
        <Required type="2" schemaName="isproductoverridden" displayName="Selecionar Produto" parentSchemaName="opportunityproduct" parentDisplayName="Produto da Oportunidade" solution="msdynce_Sales (9.0.4.0076)">
          <package>msdynce_SalesAnchor (9.0.22022.10004)</package>
        </Required>
        <Dependent type="60" displayName="OpportunityProduct" parentDisplayName="Produto da Oportunidade" id="{6e9a1c27-c09c-461b-8542-9ffef891f7ab}" />
      </MissingDependency>
      <MissingDependency>
        <Required type="2" schemaName="manualdiscountamount" displayName="Valor do Desconto Manual" parentSchemaName="opportunityproduct" parentDisplayName="Produto da Oportunidade" solution="msdynce_Sales (9.0.4.0076)">
          <package>msdynce_SalesAnchor (9.0.22022.10004)</package>
        </Required>
        <Dependent type="60" displayName="OpportunityProduct" parentDisplayName="Produto da Oportunidade" id="{6e9a1c27-c09c-461b-8542-9ffef891f7ab}" />
      </MissingDependency>
      <MissingDependency>
        <Required type="2" schemaName="opportunityid" displayName="Oportunidade" parentSchemaName="opportunityproduct" parentDisplayName="Produto da Oportunidade" solution="msdynce_Sales (9.0.4.0076)">
          <package>msdynce_SalesAnchor (9.0.22022.10004)</package>
        </Required>
        <Dependent type="60" displayName="OpportunityProduct" parentDisplayName="Produto da Oportunidade" id="{6e9a1c27-c09c-461b-8542-9ffef891f7ab}" />
      </MissingDependency>
      <MissingDependency>
        <Required type="2" schemaName="priceperunit" displayName="Preço por Unidade" parentSchemaName="opportunityproduct" parentDisplayName="Produto da Oportunidade" solution="msdynce_Sales (9.0.4.0076)">
          <package>msdynce_SalesAnchor (9.0.22022.10004)</package>
        </Required>
        <Dependent type="60" displayName="OpportunityProduct" parentDisplayName="Produto da Oportunidade" id="{6e9a1c27-c09c-461b-8542-9ffef891f7ab}" />
      </MissingDependency>
      <MissingDependency>
        <Required type="2" schemaName="productdescription" displayName="Produto Fora do Catálogo" parentSchemaName="opportunityproduct" parentDisplayName="Produto da Oportunidade" solution="msdynce_Sales (9.0.4.0076)">
          <package>msdynce_SalesAnchor (9.0.22022.10004)</package>
        </Required>
        <Dependent type="60" displayName="OpportunityProduct" parentDisplayName="Produto da Oportunidade" id="{6e9a1c27-c09c-461b-8542-9ffef891f7ab}" />
      </MissingDependency>
      <MissingDependency>
        <Required type="2" schemaName="productid" displayName="Produto Existente" parentSchemaName="opportunityproduct" parentDisplayName="Produto da Oportunidade" solution="msdynce_Sales (9.0.4.0076)">
          <package>msdynce_SalesAnchor (9.0.22022.10004)</package>
        </Required>
        <Dependent type="60" displayName="OpportunityProduct" parentDisplayName="Produto da Oportunidade" id="{6e9a1c27-c09c-461b-8542-9ffef891f7ab}" />
      </MissingDependency>
      <MissingDependency>
        <Required type="2" schemaName="quantity" displayName="Quantidade" parentSchemaName="opportunityproduct" parentDisplayName="Produto da Oportunidade" solution="msdynce_Sales (9.0.4.0076)">
          <package>msdynce_SalesAnchor (9.0.22022.10004)</package>
        </Required>
        <Dependent type="60" displayName="OpportunityProduct" parentDisplayName="Produto da Oportunidade" id="{6e9a1c27-c09c-461b-8542-9ffef891f7ab}" />
      </MissingDependency>
      <MissingDependency>
        <Required type="2" schemaName="tax" displayName="Imposto" parentSchemaName="opportunityproduct" parentDisplayName="Produto da Oportunidade" solution="msdynce_Sales (9.0.4.0076)">
          <package>msdynce_SalesAnchor (9.0.22022.10004)</package>
        </Required>
        <Dependent type="60" displayName="OpportunityProduct" parentDisplayName="Produto da Oportunidade" id="{6e9a1c27-c09c-461b-8542-9ffef891f7ab}" />
      </MissingDependency>
      <MissingDependency>
        <Required type="2" schemaName="uomid" displayName="Unidade" parentSchemaName="opportunityproduct" parentDisplayName="Produto da Oportunidade" solution="msdynce_Sales (9.0.4.0076)">
          <package>msdynce_SalesAnchor (9.0.22022.10004)</package>
        </Required>
        <Dependent type="60" displayName="OpportunityProduct" parentDisplayName="Produto da Oportunidade" id="{6e9a1c27-c09c-461b-8542-9ffef891f7ab}" />
      </MissingDependency>
      <MissingDependency>
        <Required type="2" schemaName="volumediscountamount" displayName="Desconto por Volume" parentSchemaName="opportunityproduct" parentDisplayName="Produto da Oportunidade" solution="msdynce_Sales (9.0.4.0076)">
          <package>msdynce_SalesAnchor (9.0.22022.10004)</package>
        </Required>
        <Dependent type="60" displayName="OpportunityProduct" parentDisplayName="Produto da Oportunidade" id="{6e9a1c27-c09c-461b-8542-9ffef891f7ab}" />
      </MissingDependency>
      <MissingDependency>
        <Required type="2" schemaName="name" displayName="Nome" parentSchemaName="product" parentDisplayName="Produto" solution="msdynce_ProductManagement (9.0.4.0066)">
          <package>msdynce_ProductManagementAnchor (9.0.22024.10001)</package>
        </Required>
        <Dependent type="10" schemaName="ptr_impostos_produto_Product" displayName="ptr_impostos_produto_Product" parentSchemaName="product" parentDisplayName="Produto" />
      </MissingDependency>
      <MissingDependency>
        <Required type="2" schemaName="productid" displayName="Produto" parentSchemaName="product" parentDisplayName="Produto" solution="msdynce_ProductManagement (9.0.4.0066)">
          <package>msdynce_ProductManagementAnchor (9.0.22024.10001)</package>
        </Required>
        <Dependent type="10" schemaName="ptr_impostos_produto_Product" displayName="ptr_impostos_produto_Product" parentSchemaName="product" parentDisplayName="Produto" />
      </MissingDependency>
      <MissingDependency>
        <Required type="26" schemaName="Minhas Ocorrências Ativas" displayName="Minhas Ocorrências Ativas" parentSchemaName="incident" parentDisplayName="Ocorrência" solution="msdynce_Service (9.0.5.56)" id="{00000000-0000-0000-00aa-000010001028}">
          <package>msdynce_ServiceAnchor (9.0.22024.1005)</package>
        </Required>
        <Dependent type="60" displayName="Contact" parentDisplayName="Contato" id="{1fed44d1-ae68-4a41-bd2b-f13acac4acfa}" />
      </MissingDependency>
      <MissingDependency>
        <Required type="26" schemaName="Todas as Ocorrências do Cliente" displayName="Todas as Ocorrências do Cliente" parentSchemaName="incident" parentDisplayName="Ocorrência" solution="msdynce_Service (9.0.5.56)" id="{00000000-0000-0000-00aa-000010001039}">
          <package>msdynce_ServiceAnchor (9.0.22024.1005)</package>
        </Required>
        <Dependent type="60" displayName="Conta" parentDisplayName="Conta" id="{8448b78f-8f42-454e-8e2a-f8196b0419af}" />
      </MissingDependency>
      <MissingDependency>
        <Required type="26" schemaName="Minhas Oportunidades Abertas" displayName="Minhas Oportunidades Abertas" parentSchemaName="opportunity" parentDisplayName="Oportunidade" solution="msdynce_Sales (9.0.4.0076)" id="{00000000-0000-0000-00aa-000010003000}">
          <package>msdynce_SalesAnchor (9.0.22022.10004)</package>
        </Required>
        <Dependent type="60" displayName="Contact" parentDisplayName="Contato" id="{1fed44d1-ae68-4a41-bd2b-f13acac4acfa}" />
      </MissingDependency>
      <MissingDependency>
        <Required type="26" schemaName="Minhas Oportunidades Abertas" displayName="Minhas Oportunidades Abertas" parentSchemaName="opportunity" parentDisplayName="Oportunidade" solution="msdynce_Sales (9.0.4.0076)" id="{00000000-0000-0000-00aa-000010003000}">
          <package>msdynce_SalesAnchor (9.0.22022.10004)</package>
        </Required>
        <Dependent type="60" displayName="Conta" parentDisplayName="Conta" id="{8448b78f-8f42-454e-8e2a-f8196b0419af}" />
      </MissingDependency>
      <MissingDependency>
        <Required type="26" schemaName="Pacotes de Produtos Ativos" displayName="Pacotes de Produtos Ativos" parentSchemaName="product" parentDisplayName="Produto" solution="msdynce_ProductManagement (9.0.4.0066)" id="{06377234-f167-47e7-bd5e-f7cc61b82f99}">
          <package>msdynce_ProductManagementAnchor (9.0.22024.10001)</package>
        </Required>
        <Dependent type="60" displayName="OpportunityProduct" parentDisplayName="Produto da Oportunidade" id="{6e9a1c27-c09c-461b-8542-9ffef891f7ab}" />
      </MissingDependency>
      <MissingDependency>
        <Required type="26" schemaName="Produtos com Lista de Preços" displayName="Produtos com Lista de Preços" parentSchemaName="product" parentDisplayName="Produto" solution="msdynce_ProductManagement (9.0.4.0066)" id="{6abca607-018d-4042-a8a7-56a6a1190483}">
          <package>msdynce_ProductManagementAnchor (9.0.22024.10001)</package>
        </Required>
        <Dependent type="60" displayName="OpportunityProduct" parentDisplayName="Produto da Oportunidade" id="{6e9a1c27-c09c-461b-8542-9ffef891f7ab}" />
      </MissingDependency>
      <MissingDependency>
        <Required type="26" schemaName="Exibição de Pesquisa de Produtos" displayName="Exibição de Pesquisa de Produtos" parentSchemaName="product" parentDisplayName="Produto" solution="msdynce_ProductManagement (9.0.4.0066)" id="{8ba625b2-6a2a-4735-bab2-0c74ae8442a4}">
          <package>msdynce_ProductManagementAnchor (9.0.22024.10001)</package>
        </Required>
        <Dependent type="60" displayName="OpportunityProduct" parentDisplayName="Produto da Oportunidade" id="{6e9a1c27-c09c-461b-8542-9ffef891f7ab}" />
      </MissingDependency>
      <MissingDependency>
        <Required type="26" schemaName="Direitos da Conta" displayName="Direitos da Conta" parentSchemaName="entitlement" parentDisplayName="Direito" solution="msdynce_Service (9.0.5.56)" id="{961bf8aa-042f-4f4d-bcca-935bfc9a6994}">
          <package>msdynce_ServiceAnchor (9.0.22024.1005)</package>
        </Required>
        <Dependent type="60" displayName="Conta" parentDisplayName="Conta" id="{8448b78f-8f42-454e-8e2a-f8196b0419af}" />
      </MissingDependency>
      <MissingDependency>
        <Required type="26" schemaName="Oportunidades Recentes" displayName="Oportunidades Recentes" parentSchemaName="opportunity" parentDisplayName="Oportunidade" solution="msdynce_Sales (9.0.4.0076)" id="{9c3f7ee8-eca7-e211-9fb6-00155dd0ea05}">
          <package>msdynce_SalesAnchor (9.0.22022.10004)</package>
        </Required>
        <Dependent type="60" displayName="Contact" parentDisplayName="Contato" id="{1fed44d1-ae68-4a41-bd2b-f13acac4acfa}" />
      </MissingDependency>
      <MissingDependency>
        <Required type="26" schemaName="Oportunidades Recentes" displayName="Oportunidades Recentes" parentSchemaName="opportunity" parentDisplayName="Oportunidade" solution="msdynce_Sales (9.0.4.0076)" id="{9c3f7ee8-eca7-e211-9fb6-00155dd0ea05}">
          <package>msdynce_SalesAnchor (9.0.22022.10004)</package>
        </Required>
        <Dependent type="60" displayName="Conta" parentDisplayName="Conta" id="{8448b78f-8f42-454e-8e2a-f8196b0419af}" />
      </MissingDependency>
      <MissingDependency>
        <Required type="26" schemaName="Todos os Direitos" displayName="Todos os Direitos" parentSchemaName="entitlement" parentDisplayName="Direito" solution="msdynce_Service (9.0.5.56)" id="{aa69e7e2-913a-4a5a-8609-8ca443554909}">
          <package>msdynce_ServiceAnchor (9.0.22024.1005)</package>
        </Required>
        <Dependent type="60" displayName="Contact" parentDisplayName="Contato" id="{1fed44d1-ae68-4a41-bd2b-f13acac4acfa}" />
      </MissingDependency>
      <MissingDependency>
        <Required type="26" schemaName="Ocorrências Recentes" displayName="Ocorrências Recentes" parentSchemaName="incident" parentDisplayName="Ocorrência" solution="msdynce_Service (9.0.5.56)" id="{ebd1d24a-eea7-e211-9fb6-00155dd0ea05}">
          <package>msdynce_ServiceAnchor (9.0.22024.1005)</package>
        </Required>
        <Dependent type="60" displayName="Contact" parentDisplayName="Contato" id="{1fed44d1-ae68-4a41-bd2b-f13acac4acfa}" />
      </MissingDependency>
      <MissingDependency>
        <Required type="59" schemaName="Principais Clientes" displayName="Principais Clientes" parentSchemaName="opportunity" parentDisplayName="Oportunidade" solution="msdynce_Sales (9.0.4.0076)" id="{8bc5fb18-48f2-4782-9e16-3d452fa4ddce}">
          <package>msdynce_SalesAnchor (9.0.22022.10004)</package>
        </Required>
        <Dependent type="60" displayName="Contact" parentDisplayName="Contato" id="{1fed44d1-ae68-4a41-bd2b-f13acac4acfa}" />
      </MissingDependency>
      <MissingDependency>
        <Required type="59" schemaName="Principais Clientes" displayName="Principais Clientes" parentSchemaName="opportunity" parentDisplayName="Oportunidade" solution="msdynce_Sales (9.0.4.0076)" id="{8bc5fb18-48f2-4782-9e16-3d452fa4ddce}">
          <package>msdynce_SalesAnchor (9.0.22022.10004)</package>
        </Required>
        <Dependent type="60" displayName="Conta" parentDisplayName="Conta" id="{8448b78f-8f42-454e-8e2a-f8196b0419af}" />
      </MissingDependency>
      <MissingDependency>
        <Required type="59" schemaName="Combinação de Ocorrências (por Unidade de Negócios)" displayName="Combinação de Ocorrências (por Unidade de Negócios)" parentSchemaName="incident" parentDisplayName="Ocorrência" solution="msdynce_Service (9.0.5.56)" id="{f10375a6-4893-de11-97d4-00155da3b01e}">
          <package>msdynce_ServiceAnchor (9.0.22024.1005)</package>
        </Required>
        <Dependent type="60" displayName="Contact" parentDisplayName="Contato" id="{1fed44d1-ae68-4a41-bd2b-f13acac4acfa}" />
      </MissingDependency>
      <MissingDependency>
        <Required type="59" schemaName="Expiração de Direitos" displayName="Expiração de Direitos" parentSchemaName="entitlement" parentDisplayName="Direito" solution="msdynce_Service (9.0.5.56)" id="{fdb919bb-c6fc-4fc8-8fa5-67ace68e41d1}">
          <package>msdynce_ServiceAnchor (9.0.22024.1005)</package>
        </Required>
        <Dependent type="60" displayName="Contact" parentDisplayName="Contato" id="{1fed44d1-ae68-4a41-bd2b-f13acac4acfa}" />
      </MissingDependency>
      <MissingDependency>
        <Required type="60" displayName="Contact" parentDisplayName="Contato" solution="msdynce_AppCommon (9.0.4.0066)" id="{1fed44d1-ae68-4a41-bd2b-f13acac4acfa}">
          <package>msdynce_AppCommonAnchor (9.0.22024.10002)</package>
        </Required>
        <Dependent type="60" displayName="Contact" parentDisplayName="Contato" id="{1fed44d1-ae68-4a41-bd2b-f13acac4acfa}" />
      </MissingDependency>
      <MissingDependency>
        <Required type="60" displayName="cartão do contato da conta" parentDisplayName="Contato" solution="msdynce_AppCommon (9.0.4.0066)" id="{29de27bc-a257-4f29-99cf-bab4a84e688f}">
          <package>msdynce_AppCommonAnchor (9.0.22024.10002)</package>
        </Required>
        <Dependent type="60" displayName="Contact" parentDisplayName="Contato" id="{1fed44d1-ae68-4a41-bd2b-f13acac4acfa}" />
      </MissingDependency>
      <MissingDependency>
        <Required type="60" displayName="cartão do contato da conta" parentDisplayName="Contato" solution="msdynce_AppCommon (9.0.4.0066)" id="{29de27bc-a257-4f29-99cf-bab4a84e688f}">
          <package>msdynce_AppCommonAnchor (9.0.22024.10002)</package>
        </Required>
        <Dependent type="60" displayName="Conta" parentDisplayName="Conta" id="{8448b78f-8f42-454e-8e2a-f8196b0419af}" />
      </MissingDependency>
      <MissingDependency>
        <Required type="60" displayName="OpportunityProduct" parentDisplayName="Produto da Oportunidade" solution="msdynce_Sales (9.0.4.0076)" id="{6e9a1c27-c09c-461b-8542-9ffef891f7ab}">
          <package>msdynce_SalesAnchor (9.0.22022.10004)</package>
        </Required>
        <Dependent type="60" displayName="OpportunityProduct" parentDisplayName="Produto da Oportunidade" id="{6e9a1c27-c09c-461b-8542-9ffef891f7ab}" />
      </MissingDependency>
      <MissingDependency>
        <Required type="60" displayName="Conta" parentDisplayName="Conta" solution="msdynce_AppCommon (9.0.4.0066)" id="{8448b78f-8f42-454e-8e2a-f8196b0419af}">
          <package>msdynce_AppCommonAnchor (9.0.22024.10002)</package>
        </Required>
        <Dependent type="60" displayName="Conta" parentDisplayName="Conta" id="{8448b78f-8f42-454e-8e2a-f8196b0419af}" />
      </MissingDependency>
      <MissingDependency>
        <Required type="61" schemaName="msdyn_talkingpointsloader.js" displayName="msdyn_talkingpointsloader.js" solution="msdynce_Talkingpoints (9.0.1.701835)">
          <package>msdynce_SalesInsightsAnchor (9.0.22024.10010)</package>
        </Required>
        <Dependent type="60" displayName="Contact" parentDisplayName="Contato" id="{1fed44d1-ae68-4a41-bd2b-f13acac4acfa}" />
      </MissingDependency>
      <MissingDependency>
        <Required type="61" schemaName="Sales/ClientCommon/Sales_ClientCommon.js" displayName="Sales/ClientCommon/Sales_ClientCommon.js" solution="msdynce_Sales (9.0.4.0076)">
          <package>msdynce_SalesAnchor (9.0.22022.10004)</package>
        </Required>
        <Dependent type="60" displayName="Contact" parentDisplayName="Contato" id="{1fed44d1-ae68-4a41-bd2b-f13acac4acfa}" />
      </MissingDependency>
      <MissingDependency>
        <Required type="66" schemaName="Intelligence.BusinessCardReaderControl.BusinessCardReader" displayName="Intelligence.BusinessCardReaderControl.BusinessCardReader" solution="BaseCustomControlsCore (9.0.2202.4015)" />
        <Dependent type="60" displayName="Contact" parentDisplayName="Contato" id="{1fed44d1-ae68-4a41-bd2b-f13acac4acfa}" />
      </MissingDependency>
      <MissingDependency>
        <Required type="66" schemaName="MscrmControls.CardFeedContainer.CardFeedContainer" displayName="MscrmControls.CardFeedContainer.CardFeedContainer" solution="BaseCustomControlsCore (9.0.2202.4015)" />
        <Dependent type="60" displayName="Contact" parentDisplayName="Contato" id="{1fed44d1-ae68-4a41-bd2b-f13acac4acfa}" />
      </MissingDependency>
      <MissingDependency>
        <Required type="66" schemaName="MscrmControls.CardFeedContainer.CardFeedContainer" displayName="MscrmControls.CardFeedContainer.CardFeedContainer" solution="BaseCustomControlsCore (9.0.2202.4015)" />
        <Dependent type="60" displayName="Conta" parentDisplayName="Conta" id="{8448b78f-8f42-454e-8e2a-f8196b0419af}" />
      </MissingDependency>
      <MissingDependency>
        <Required type="66" schemaName="MscrmControls.EditProperties.EditPropertiesControl" displayName="MscrmControls.EditProperties.EditPropertiesControl" solution="msdynce_AppCommon (9.0.4.0066)">
          <package>msdynce_AppCommonAnchor (9.0.22024.10002)</package>
        </Required>
        <Dependent type="60" displayName="OpportunityProduct" parentDisplayName="Produto da Oportunidade" id="{6e9a1c27-c09c-461b-8542-9ffef891f7ab}" />
      </MissingDependency>
      <MissingDependency>
        <Required type="66" schemaName="MscrmControls.FlipSwitch.FlipSwitchControl" displayName="MscrmControls.FlipSwitch.FlipSwitchControl" solution="CustomControlsCore (9.2.22024.00132)" />
        <Dependent type="60" displayName="OpportunityProduct" parentDisplayName="Produto da Oportunidade" id="{6e9a1c27-c09c-461b-8542-9ffef891f7ab}" />
      </MissingDependency>
      <MissingDependency>
        <Required type="66" schemaName="MscrmControls.TalkingPointsControl.TalkingPoints" displayName="MscrmControls.TalkingPointsControl.TalkingPoints" solution="msdynce_Talkingpoints (9.0.1.701835)">
          <package>msdynce_SalesInsightsAnchor (9.0.22024.10010)</package>
        </Required>
        <Dependent type="60" displayName="Contact" parentDisplayName="Contato" id="{1fed44d1-ae68-4a41-bd2b-f13acac4acfa}" />
      </MissingDependency>
      <MissingDependency>
        <Required type="66" schemaName="msdyn_MscrmControls.TreeView.TreeViewControl" displayName="msdyn_MscrmControls.TreeView.TreeViewControl" solution="msdyn_AssetCommon (1.0.6.37)">
          <package>msdynce_ServiceAnchor (9.0.22024.1005)</package>
        </Required>
        <Dependent type="60" displayName="Conta" parentDisplayName="Conta" id="{8448b78f-8f42-454e-8e2a-f8196b0419af}" />
      </MissingDependency>
    </MissingDependencies>
  </SolutionManifest>
</ImportExportXml>