{"name":"b3317806-d991-4b69-9161-78d86dd58247","id":"/providers/Microsoft.Flow/flows/b3317806-d991-4b69-9161-78d86dd58247","type":"Microsoft.Flow/flows","properties":{"apiId":"/providers/Microsoft.PowerApps/apis/shared_logicflows","displayName":"Consultar Cotação [BASE]","definition":{"metadata":{"workflowEntityId":null,"processAdvisorMetadata":null,"flowclientsuspensionreason":"None","flowclientsuspensiontime":null,"creator":{"id":"2847f3c4-5a3b-43ab-ad51-7890716df7c6","type":"User","tenantId":"86466b74-0140-40b0-99a0-ee0ad6251780"},"provisioningMethod":"FromDefinition","failureAlertSubscription":true,"clientLastModifiedTime":"2022-03-19T12:38:47.586095Z"},"$schema":"https://schema.management.azure.com/providers/Microsoft.Logic/schemas/2016-06-01/workflowdefinition.json#","contentVersion":"1.0.0.0","parameters":{"$connections":{"defaultValue":{},"type":"Object"},"$authentication":{"defaultValue":{},"type":"SecureObject"}},"triggers":{"Recurrence":{"recurrence":{"frequency":"Hour","interval":8,"timeZone":"E. South America Standard Time","startTime":"2022-03-09T09:00:00Z"},"metadata":{"operationMetadataId":"b9ccec83-dffe-40d0-953d-38a11c9c3fed"},"type":"Recurrence"}},"actions":{"variable_URL":{"runAfter":{},"metadata":{"operationMetadataId":"01a48a3c-cadd-47d5-98f3-fb993332c63f"},"type":"InitializeVariable","inputs":{"variables":[{"name":"Url_Envio","type":"string","value":"@{null}"}]}},"variable_DATA":{"runAfter":{"_variable_ValorEmReal":["Succeeded"]},"metadata":{"operationMetadataId":"39129b4e-6de4-4ec1-b5b4-18ccebf11134"},"type":"InitializeVariable","inputs":{"variables":[{"name":"DATA","type":"string","value":"@body('Convert_time_zone')"}]}},"HTTP":{"runAfter":{"Set_variable_Monta_URL":["Succeeded"]},"metadata":{"operationMetadataId":"b201d01d-32d2-40da-b16f-66ce3259f344"},"type":"Http","inputs":{"method":"GET","uri":"@{variables('Url_Envio')}"}},"Set_variable_Monta_URL":{"runAfter":{"variable_DATA":["Succeeded"]},"metadata":{"operationMetadataId":"8c75cb70-95ec-4d2c-89d7-add5ab3c9489"},"type":"SetVariable","inputs":{"name":"Url_Envio","value":"https://olinda.bcb.gov.br/olinda/servico/PTAX/versao/v1/odata/CotacaoMoedaDia(moeda=@moeda,dataCotacao=@dataCotacao)?@moeda='USD'&@dataCotacao='@{variables('DATA')}'&$top=100&$filter=tipoBoletim%20eq%20'Fechamento%20PTAX'&$format=json&$select=cotacaoCompra,cotacaoVenda,dataHoraCotacao"}},"Current_time":{"runAfter":{"variable_URL":["Succeeded"]},"metadata":{"operationMetadataId":"50dbea27-d410-4969-afd5-87f69d5d7ad1"},"type":"Expression","kind":"CurrentTime","inputs":{}},"Subtract_from_time":{"runAfter":{"Current_time":["Succeeded"]},"metadata":{"operationMetadataId":"37ccabb3-4fab-46c8-aa6e-7869a4316595"},"type":"Expression","kind":"SubtractFromTime","inputs":{"baseTime":"@body('Current_time')","interval":24,"timeUnit":"Hour"}},"Convert_time_zone":{"runAfter":{"Subtract_from_time":["Succeeded"]},"metadata":{"operationMetadataId":"b04d556d-8a03-484c-bdc4-ae8f18bc0cca"},"type":"Expression","kind":"ConvertTimeZone","inputs":{"baseTime":"@body('Subtract_from_time')","formatString":"MM-dd-yyyy","sourceTimeZone":"UTC","destinationTimeZone":"UTC"}},"Condition":{"actions":{"Parse_JSON":{"runAfter":{},"metadata":{"operationMetadataId":"8080e973-6f17-4063-9fc9-17f4d09f5884"},"type":"ParseJson","inputs":{"content":"@first(body('HTTP')['value'])","schema":{"type":"object","properties":{"cotacaoCompra":{"type":"number"},"cotacaoVenda":{"type":"number"},"dataHoraCotacao":{"type":"string"}}}}},"List_Contacts":{"runAfter":{"Parse_JSON":["Succeeded"]},"metadata":{"operationMetadataId":"1cebdff6-70a7-4bb8-8344-6a1d5e6ccee6"},"type":"OpenApiConnection","inputs":{"host":{"apiId":"/providers/Microsoft.PowerApps/apis/shared_commondataserviceforapps","connectionName":"shared_commondataserviceforapps","operationId":"ListRecords"},"parameters":{"entityName":"contacts","$select":"ptr_cotacaodolar, contactid, fullname"},"authentication":"@parameters('$authentication')"}},"Apply_to_each":{"foreach":"@outputs('List_Contacts')?['body/value']","actions":{"Update_a_row":{"runAfter":{},"metadata":{"operationMetadataId":"f5841d55-ff3b-41ad-89a0-2a7bb1bc8a82"},"type":"OpenApiConnection","inputs":{"host":{"apiId":"/providers/Microsoft.PowerApps/apis/shared_commondataserviceforapps","connectionName":"shared_commondataserviceforapps","operationId":"UpdateRecord"},"parameters":{"entityName":"contacts","recordId":"@items('Apply_to_each')?['contactid']","item/ptr_cotacaodolar":"@body('Parse_JSON')?['cotacaoVenda']","item/ptr_limitedecreditobr":"@mul(body('Parse_JSON')?['cotacaoVenda'],items('Apply_to_each')?['ptr_cotacaodolar'])"},"authentication":"@parameters('$authentication')"}}},"runAfter":{"List_Contacts":["Succeeded"]},"metadata":{"operationMetadataId":"04161bf5-af7d-4dac-9857-98da778eafa0"},"type":"Foreach"}},"runAfter":{"HTTP":["Succeeded"]},"expression":{"equals":["@outputs('HTTP')['statusCode']",200]},"metadata":{"operationMetadataId":"a3cc396b-9625-467a-a1d2-a2f93bbc5535"},"type":"If"},"_variable_ValorEmReal":{"runAfter":{"Convert_time_zone":["Succeeded"]},"metadata":{"operationMetadataId":"6f56afbd-bfb3-4868-8397-8bdc87456d90"},"type":"InitializeVariable","inputs":{"variables":[{"name":"ValorEmReal","type":"float","value":0}]}}},"outputs":{}},"connectionReferences":{"shared_commondataserviceforapps":{"connectionName":"shared-commondataser-cb8ade5a-51f2-4775-82a8-96bbb65dfd97","source":"Embedded","id":"/providers/Microsoft.PowerApps/apis/shared_commondataserviceforapps","tier":"NotSpecified"}},"flowFailureAlertSubscribed":false}}