<ImportExportXml xmlns:xsi="http://www.w3.org/2001/XMLSchema-instance">
  <Entities>
    <Entity>
      <Name LocalizedName="Conta" OriginalName="">Account</Name>
      <EntityInfo>
        <entity Name="Account" unmodified="1">
          <attributes />
        </entity>
      </EntityInfo>
      <FormXml>
        <forms type="main">
          <systemform>
            <formid>{8448b78f-8f42-454e-8e2a-f8196b0419af}</formid>
            <IntroducedVersion>5.0.0.0</IntroducedVersion>
            <FormPresentation>1</FormPresentation>
            <FormActivationState>1</FormActivationState>
            <form showImage="true" headerdensity="HighWithControls" solutionaction="Modified">
              <tabs>
                <tab name="SUMMARY_TAB" id="{3b0b63a9-d379-689a-0ec3-e71eb4c6a841}" IsUserDefined="0" showlabel="true" expanded="true" locklevel="0" ordinalvalue="0">
                  <columns>
                    <column width="33%" id="0">
                      <sections>
                        <section name="ACCOUNT_INFORMATION" showlabel="true" showbar="false" id="{0eb92e6c-bcb8-0d52-a188-d81543ddb7cd}" IsUserDefined="0" layout="varwidth" columns="1" labelwidth="115" celllabelposition="Left" ordinalvalue="0">
                          <rows>
                            <row>
                              <cell id="{b0e82a7e-5683-d90c-308a-0d779377ea8a}" showlabel="true" ordinalvalue="10001" solutionaction="Modified">
                                <labels>
                                  <label description="Nome da Conta" languagecode="1046" solutionaction="Added" />
                                </labels>
                              </cell>
                            </row>
                            <row>
                              <cell id="{3441a91e-47c5-672c-7a20-902d6baa9036}" showlabel="true" ordinalvalue="10002" solutionaction="Modified" />
                            </row>
                            <row>
                              <cell id="{8b98a55e-a345-b20e-d46e-801e79d5c1c1}" showlabel="true" ordinalvalue="10003" solutionaction="Modified">
                                <labels>
                                  <label description="Fax" languagecode="1046" solutionaction="Added" />
                                </labels>
                              </cell>
                            </row>
                            <row>
                              <cell id="{e6441984-4343-813a-aa7e-e2747ad35390}" showlabel="true" ordinalvalue="10004" solutionaction="Modified">
                                <labels>
                                  <label description="Site" languagecode="1046" solutionaction="Added" />
                                </labels>
                              </cell>
                            </row>
                            <row>
                              <cell id="{87DE203E-B03C-44CC-8B06-438202B82553}" ordinalvalue="10005" solutionaction="Modified">
                                <labels>
                                  <label description="Conta Primária" languagecode="1046" solutionaction="Added" />
                                </labels>
                              </cell>
                            </row>
                            <row>
                              <cell id="{5f38af3a-3307-47dc-b36d-d9a5de525e6e}" showlabel="true" ordinalvalue="10006" solutionaction="Modified">
                                <labels>
                                  <label description="Símbolo de Ação" languagecode="1046" solutionaction="Added" />
                                </labels>
                              </cell>
                            </row>
                            <row>
                              <cell id="{1222748e-df48-475d-896e-ed7056840f0e}" locklevel="0" colspan="1" rowspan="1" ordinalvalue="10000" solutionaction="Added">
                                <labels>
                                  <label description="CNPJ" languagecode="1046" />
                                </labels>
                                <control id="ptr_cnpj" classid="{4273EDBD-AC1D-40D3-9FB2-095C621B552D}" datafieldname="ptr_cnpj" disabled="false" />
                              </cell>
                            </row>
                          </rows>
                        </section>
                        <section name="ADDRESS" showlabel="true" locklevel="0" showbar="false" id="{cc0fe06e-4b5f-4648-A62d-84d1514e1fc5}" IsUserDefined="0" layout="varwidth" columns="1" labelwidth="115" celllabelposition="Left" ordinalvalue="1">
                          <rows>
                            <row>
                              <cell id="{4913500e-605a-809b-e99e-69e2710d09bd}" showlabel="true" locklevel="0" ordinalvalue="10000">
                                <labels>
                                  <label description="Endereço 1" languagecode="1046" solutionaction="Added" />
                                </labels>
                              </cell>
                            </row>
                          </rows>
                        </section>
                      </sections>
                    </column>
                    <column width="25%" id="2">
                      <sections>
                        <section name="SUMMARY_TAB_section_6" showlabel="false" showbar="false" locklevel="0" id="{d4c3ee9c-ba71-5cdb-31be-2aa505750472}" IsUserDefined="0" layout="varwidth" columns="1" labelwidth="115" celllabelalignment="Left" celllabelposition="Top" ordinalvalue="1">
                          <rows>
                            <row>
                              <cell id="{b187688c-8410-5990-16ec-e153968ab583}" showlabel="true" locklevel="0" ordinalvalue="10000">
                                <labels>
                                  <label description="Contato Primário" languagecode="1046" solutionaction="Added" />
                                </labels>
                              </cell>
                            </row>
                            <row>
                              <cell id="{0F664FFF-E39E-4676-9191-CBA16972B21D}" colspan="1" showlabel="false" ordinalvalue="10001">
                                <labels>
                                  <label description="Contato Primário" languagecode="1046" solutionaction="Added" />
                                </labels>
                              </cell>
                            </row>
                            <row>
                              <cell id="{8e24c7e3-6a40-5abb-eadb-254eba5478e2}" showlabel="true" colspan="1" auto="false" rowspan="7" ordinalvalue="10002">
                                <control id="Contacts" classid="{E7A81278-8635-4d9e-8D4D-59480B391C5B}">
                                  <parameters>
                                    <VisualizationId />
                                  </parameters>
                                </control>
                              </cell>
                            </row>
                          </rows>
                        </section>
                      </sections>
                    </column>
                  </columns>
                </tab>
                <tab name="DETAILS_TAB" id="{11a42c72-9ded-ea04-253d-2143e731b795}" IsUserDefined="0" showlabel="true" expanded="true" ordinalvalue="1">
                  <columns>
                    <column width="34%" id="0">
                      <sections>
                        <section name="COMPANY_PROFILE" showlabel="true" showbar="false" id="{ca8587c5-18c0-cac1-7c34-6c639eade090}" IsUserDefined="0" layout="varwidth" columns="1" labelwidth="115" celllabelposition="Left" ordinalvalue="0">
                          <rows>
                            <row>
                              <cell id="{59782911-4d1a-38dc-ce49-7dae620dbc51}" showlabel="true" ordinalvalue="10000">
                                <labels>
                                  <label description="Setor" languagecode="1046" solutionaction="Added" />
                                </labels>
                              </cell>
                            </row>
                            <row>
                              <cell id="{930beba3-d531-0808-c403-de95e2ac3e62}" showlabel="true" ordinalvalue="10001">
                                <labels>
                                  <label description="CNAE" languagecode="1046" solutionaction="Added" />
                                </labels>
                              </cell>
                            </row>
                            <row>
                              <cell id="{1c33ad89-92a1-8433-2378-306259eb57c0}" showlabel="true" ordinalvalue="10002">
                                <labels>
                                  <label description="Propriedade" languagecode="1046" solutionaction="Added" />
                                </labels>
                              </cell>
                            </row>
                          </rows>
                        </section>
                        <section name="DETAILS_TAB_section_6" showlabel="true" showbar="false" locklevel="0" id="{e201b9ce-c3d5-c922-dba5-528c25066940}" IsUserDefined="0" layout="varwidth" columns="1" labelwidth="115" celllabelalignment="Left" celllabelposition="Top" height="auto" ordinalvalue="1">
                          <rows>
                            <row>
                              <cell id="{a4a726a2-8e3e-79d0-02c3-0a04a6b71089}" showlabel="false" locklevel="0" rowspan="3" auto="true" ordinalvalue="10000">
                                <labels>
                                  <label description="Descrição" languagecode="1046" solutionaction="Added" />
                                </labels>
                              </cell>
                            </row>
                          </rows>
                        </section>
                      </sections>
                    </column>
                    <column width="33%" id="1">
                      <sections>
                        <section name="MARKETING" showlabel="true" locklevel="0" showbar="false" id="{767ab9cb-cb99-45f4-bd68-32742a864c7c}" IsUserDefined="0" layout="varheight" columns="1" labelwidth="115" celllabelposition="Left" ordinalvalue="0">
                          <rows>
                            <row>
                              <cell id="{b9c3d8fd-12a2-4474-b937-43da8Be00e6f}" ordinalvalue="10000">
                                <labels>
                                  <label description="Cliente Potencial Originador" languagecode="1046" solutionaction="Added" />
                                </labels>
                              </cell>
                            </row>
                          </rows>
                        </section>
                      </sections>
                    </column>
                    <column width="33%" id="2">
                      <sections>
                        <section name="BILLING" showlabel="true" showbar="false" id="{910de80a-a17e-092a-255d-44d775cb4207}" IsUserDefined="0" layout="varwidth" columns="1" labelwidth="115" celllabelposition="Left" locklevel="0" celllabelalignment="Left" ordinalvalue="0">
                          <rows>
                            <row>
                              <cell id="{7cd2b88c-b25c-4729-9c27-f59ebb5a1538}" ordinalvalue="10000">
                                <labels>
                                  <label description="Moeda" languagecode="1046" solutionaction="Added" />
                                </labels>
                              </cell>
                            </row>
                            <row>
                              <cell id="{0125719c-a5b0-4230-9817-3fba5d6ebfaf}" ordinalvalue="10001">
                                <labels>
                                  <label description="Limite de Crédito" languagecode="1046" solutionaction="Added" />
                                </labels>
                              </cell>
                            </row>
                            <row>
                              <cell id="{abc2c862-bcd4-4a4b-ac51-c311d4e66d5b}" ordinalvalue="10002">
                                <labels>
                                  <label description="Suspensão de Crédito" languagecode="1046" solutionaction="Added" />
                                </labels>
                              </cell>
                            </row>
                            <row>
                              <cell id="{0bab9157-d14e-441f-969d-80460634c15e}" ordinalvalue="10003">
                                <labels>
                                  <label description="Condições de Pagamento" languagecode="1046" solutionaction="Added" />
                                </labels>
                              </cell>
                            </row>
                          </rows>
                        </section>
                      </sections>
                    </column>
                  </columns>
                </tab>
                <tab name="AssetsAndLocationsTab" id="{9d2b89a1-bec3-0b60-b2a7-d459b760e832}" IsUserDefined="0" locklevel="0" showlabel="true" expanded="true" ordinalvalue="3">
                  <columns>
                    <column width="100%" id="0">
                      <sections>
                        <section name="AssetsAndLocationsSection" showlabel="false" showbar="false" locklevel="0" id="{9d702b1a-b4e2-15c1-52cc-67353ba67bcd}" IsUserDefined="0" layout="varwidth" columns="1" labelwidth="115" celllabelalignment="Left" celllabelposition="Left" ordinalvalue="0">
                          <rows>
                            <row>
                              <cell id="{d474b47c-cb1c-b672-c30b-65c901107727}" showlabel="false" locklevel="0" ordinalvalue="10000">
                                <labels>
                                  <label description="Nome da Conta" languagecode="1046" solutionaction="Added" />
                                </labels>
                              </cell>
                            </row>
                          </rows>
                        </section>
                      </sections>
                    </column>
                  </columns>
                </tab>
                <tab name="tab_5" id="15955eb6-dff4-410c-906b-e6144ab62f1c" IsUserDefined="0" locklevel="0" showlabel="true" ordinalvalue="4" solutionaction="Added">
                  <labels>
                    <label description="Teste HTML" languagecode="1046" />
                  </labels>
                  <columns>
                    <column width="100%" id="0">
                      <sections>
                        <section name="tab_5_section_1" id="481bcf9d-883e-4ca1-88a0-c8efd7c269a8" IsUserDefined="0" locklevel="0" showlabel="true" showbar="false" layout="varwidth" celllabelalignment="Left" celllabelposition="Left" columns="1" labelwidth="115" ordinalvalue="0">
                          <labels>
                            <label description="Nova Seção" languagecode="1046" />
                          </labels>
                          <rows>
                            <row>
                              <cell id="{bc4344da-3164-7522-e073-a9b38cd6c468}" showlabel="false" colspan="1" auto="false" rowspan="15" ordinalvalue="10000">
                                <labels>
                                  <label description="HtmlConta" languagecode="1046" />
                                </labels>
                                <control id="WebResource_HtmlConta" classid="{9FDF5F91-88B1-47f4-AD53-C11EFC01A01D}">
                                  <parameters>
                                    <Url>ptr_htmlConta</Url>
                                    <PassParameters>false</PassParameters>
                                    <Security>false</Security>
                                    <Scrolling>auto</Scrolling>
                                    <Border>false</Border>
                                    <ShowOnMobileClient>false</ShowOnMobileClient>
                                    <WebResourceId>{9D10B4B1-82A5-EC11-9840-002248DEAB8F}</WebResourceId>
                                  </parameters>
                                </control>
                                <events>
                                  <event name="onload" application="false">
                                    <dependencies />
                                  </event>
                                </events>
                              </cell>
                            </row>
                            <row />
                            <row />
                            <row />
                            <row />
                            <row />
                            <row />
                            <row />
                            <row />
                            <row />
                            <row />
                            <row />
                            <row />
                            <row />
                            <row />
                          </rows>
                        </section>
                      </sections>
                    </column>
                  </columns>
                </tab>
              </tabs>
              <events>
                <event name="onload" application="true" active="true">
                  <Handlers>
                    <Handler functionName="Demo.Account.OnLoad" libraryName="ptr_accountacademia" handlerUniqueId="{1d5eb4b7-06ef-4e3b-a0ab-e82d5c90c02e}" enabled="true" parameters="" passExecutionContext="true" ordinalvalue="1" solutionaction="Added" />
                  </Handlers>
                </event>
                <event name="onsave" application="true" active="true" solutionaction="Added">
                  <Handlers>
                    <Handler functionName="Demo.Account.OnSave" libraryName="ptr_accountacademia" handlerUniqueId="{a50dedaf-fbd3-47c9-924c-22a5bae91e77}" enabled="true" parameters="" passExecutionContext="true" ordinalvalue="0" />
                  </Handlers>
                </event>
              </events>
              <header id="{d5a03552-1183-4347-a237-1f894ba449eb}" columns="111" celllabelposition="Top" labelwidth="115">
                <rows>
                  <row>
                    <cell id="{d3e19d4e-b2ae-409f-9b4e-5976527c6c83}" ordinalvalue="10000">
                      <labels>
                        <label description="Capital Social" languagecode="1046" solutionaction="Added" />
                      </labels>
                    </cell>
                    <cell id="{2adb5a52-604d-5aad-ba6a-2bbab6c33594}" showlabel="true" ordinalvalue="20001">
                      <labels>
                        <label description="Número de Funcionários" languagecode="1046" solutionaction="Added" />
                      </labels>
                    </cell>
                    <cell id="{54b2d0a2-eb77-b3cd-b60a-03ea6944e98e}" showlabel="true" locklevel="1" ordinalvalue="30002">
                      <labels>
                        <label description="Proprietário" languagecode="1046" solutionaction="Added" />
                      </labels>
                    </cell>
                  </row>
                </rows>
              </header>
              <Navigation>
                <NavBar />
                <NavBarAreas solutionaction="Added">
                  <NavBarArea Id="Info">
                    <Titles>
                      <Title LCID="1046" Text="Comum" />
                    </Titles>
                  </NavBarArea>
                  <NavBarArea Id="Sales">
                    <Titles>
                      <Title LCID="1046" Text="Vendas" />
                    </Titles>
                  </NavBarArea>
                  <NavBarArea Id="Service">
                    <Titles>
                      <Title LCID="1046" Text="Serviços" />
                    </Titles>
                  </NavBarArea>
                  <NavBarArea Id="Marketing">
                    <Titles>
                      <Title LCID="1046" Text="Marketing" />
                    </Titles>
                  </NavBarArea>
                  <NavBarArea Id="ProcessCenter">
                    <Titles>
                      <Title LCID="1046" Text="Sessões de Processo" />
                    </Titles>
                  </NavBarArea>
                </NavBarAreas>
              </Navigation>
              <footer id="{77587280-1092-46a9-9fc3-b7938b2b9d97}" celllabelposition="Top" columns="111" labelwidth="115" celllabelalignment="Left" solutionaction="Added">
                <rows>
                  <row>
                    <cell id="{30ccccdb-db28-47ea-b8a2-4e14478ce1f7}" showlabel="false" ordinalvalue="10000">
                      <labels>
                        <label description="" languagecode="1046" />
                      </labels>
                    </cell>
                    <cell id="{505ebb87-7379-48b6-8c89-88074f92e718}" showlabel="false" ordinalvalue="20001">
                      <labels>
                        <label description="" languagecode="1046" />
                      </labels>
                    </cell>
                    <cell id="{7025a214-cd56-44fd-a2da-c2690ce1461b}" showlabel="false" ordinalvalue="30002">
                      <labels>
                        <label description="" languagecode="1046" />
                      </labels>
                    </cell>
                  </row>
                </rows>
              </footer>
              <formLibraries solutionaction="Added">
                <Library name="ptr_jquery" libraryUniqueId="{c4bb351e-380b-4988-8723-317a748c6130}" />
                <Library name="ptr_helper" libraryUniqueId="{a789e105-bf5b-4ff3-9a3a-837a4beb2b88}" />
                <Library name="ptr_accountacademia" libraryUniqueId="{6f9c8912-6deb-4ee5-a47b-fe50341c3358}" />
              </formLibraries>
            </form>
            <LocalizedNames>
              <LocalizedName description="Conta" languagecode="1046" />
            </LocalizedNames>
            <Descriptions>
              <Description description="O formulário Conta padrão foi atualizado." languagecode="1046" />
            </Descriptions>
          </systemform>
        </forms>
      </FormXml>
      <RibbonDiffXml>
        <CustomActions />
        <Templates>
          <RibbonTemplates Id="Mscrm.Templates"></RibbonTemplates>
        </Templates>
        <CommandDefinitions />
        <RuleDefinitions>
          <TabDisplayRules />
          <DisplayRules />
          <EnableRules />
        </RuleDefinitions>
        <LocLabels />
      </RibbonDiffXml>
    </Entity>
    <Entity>
      <Name LocalizedName="Contato" OriginalName="">Contact</Name>
      <EntityInfo>
        <entity Name="Contact" unmodified="1">
          <attributes />
        </entity>
      </EntityInfo>
      <FormXml>
        <forms type="main">
          <systemform>
            <formid>{1fed44d1-ae68-4a41-bd2b-f13acac4acfa}</formid>
            <IntroducedVersion>5.0.0.0</IntroducedVersion>
            <FormPresentation>1</FormPresentation>
            <FormActivationState>1</FormActivationState>
            <form showImage="true" headerdensity="HighWithControls" shownavigationbar="true" maxWidth="1920" solutionaction="Modified">
              <tabs>
                <tab name="SUMMARY_TAB" id="{15bb2d4b-71da-74ea-3c5b-e497d78a55a2}" IsUserDefined="0" showlabel="true" expanded="true" ordinalvalue="0">
                  <columns>
                    <column width="33%" id="0">
                      <sections>
                        <section name="CONTACT_INFORMATION" showlabel="true" showbar="false" id="{9d943649-0387-1882-caa1-36de40d5a86c}" IsUserDefined="0" layout="varwidth" columns="1" labelwidth="115" celllabelposition="Left" ordinalvalue="0">
                          <rows>
                            <row>
                              <cell id="{542e581d-cca1-5e40-e6d9-d67a9d1468b4}" showlabel="true" locklevel="0" ordinalvalue="10000">
                                <labels>
                                  <label description="Nome Completo" languagecode="1046" solutionaction="Added" />
                                </labels>
                              </cell>
                            </row>
                            <row>
                              <cell id="{07326cde-7529-ddc0-e421-c0bcddd07b8a}" showlabel="true" ordinalvalue="10002" solutionaction="Modified">
                                <labels>
                                  <label description="Cargo" languagecode="1046" solutionaction="Added" />
                                </labels>
                              </cell>
                            </row>
                            <row>
                              <cell id="{a54c19c9-4722-ce25-60c5-2bb9452680d2}" showlabel="true" locklevel="0" ordinalvalue="10003" solutionaction="Modified" />
                            </row>
                            <row>
                              <cell id="{7d538a97-98eb-b438-72de-57a808b9a308}" showlabel="true" ordinalvalue="10004" solutionaction="Modified">
                                <labels>
                                  <label description="Email" languagecode="1046" solutionaction="Added" />
                                </labels>
                              </cell>
                            </row>
                            <row>
                              <cell id="{215da2d0-2b64-3481-8d2d-16107d4d7e5b}" showlabel="true" ordinalvalue="10005" solutionaction="Modified">
                                <labels>
                                  <label description="Telefone Comercial" languagecode="1046" solutionaction="Added" />
                                </labels>
                              </cell>
                            </row>
                            <row>
                              <cell id="{290b48ba-c0cc-7746-6dda-93e240e4cc78}" showlabel="true" ordinalvalue="10006" solutionaction="Modified">
                                <labels>
                                  <label description="Telefone Celular" languagecode="1046" solutionaction="Added" />
                                </labels>
                              </cell>
                            </row>
                            <row>
                              <cell id="{1b54cdb3-1582-c29e-cc9e-9d4bc2a5700b}" showlabel="true" ordinalvalue="10007" solutionaction="Modified">
                                <labels>
                                  <label description="Fax" languagecode="1046" solutionaction="Added" />
                                </labels>
                              </cell>
                            </row>
                            <row>
                              <cell id="{408dda0b-48a7-c05c-e29a-56a93eb97172}" showlabel="true" ordinalvalue="10008" solutionaction="Modified">
                                <labels>
                                  <label description="Forma Preferencial de Contato" languagecode="1046" solutionaction="Added" />
                                </labels>
                              </cell>
                            </row>
                            <row>
                              <cell id="{133d09d6-c374-954a-315b-435e1eeb722c}" showlabel="true" locklevel="0" ordinalvalue="10009" solutionaction="Modified" />
                            </row>
                            <row>
                              <cell id="{fef9246c-d4d1-4cd7-bd15-9d1f48bfa42a}" locklevel="0" colspan="1" rowspan="1" ordinalvalue="10001" solutionaction="Added">
                                <labels>
                                  <label description="CPF" languagecode="1046" />
                                </labels>
                                <control id="ptr_cpf" classid="{4273EDBD-AC1D-40D3-9FB2-095C621B552D}" datafieldname="ptr_cpf" disabled="false" />
                              </cell>
                            </row>
                          </rows>
                        </section>
                        <section name="BusinessCard" showlabel="true" locklevel="0" id="{d6928560-988d-56e4-55b6-99aa3c898561}" IsUserDefined="0" layout="varwidth" columns="1" labelwidth="115" celllabelalignment="Left" celllabelposition="Left" visible="false" ordinalvalue="2">
                          <rows>
                            <row>
                              <cell id="{4acc2393-dcac-6588-9258-3d228b26430a}" showlabel="false" locklevel="0" ordinalvalue="10000">
                                <labels>
                                  <label description="Cartão de Visita" languagecode="1046" solutionaction="Added" />
                                </labels>
                              </cell>
                            </row>
                          </rows>
                        </section>
                      </sections>
                    </column>
                    <column width="25%" id="2">
                      <sections>
                        <section name="CUSTOMER_DETAILS_TAB" showlabel="false" showbar="false" id="{0ed6b616-7ef0-4ffe-9a77-610beef03f9c}" IsUserDefined="0" layout="varwidth" columns="1" labelwidth="115" celllabelposition="Top" ordinalvalue="2">
                          <rows>
                            <row>
                              <cell id="{309AA48F-B748-4C9E-A0A8-F8A93BE633E5}" colspan="1" showlabel="false" ordinalvalue="10001">
                                <labels>
                                  <label description="Nome da Empresa" languagecode="1046" solutionaction="Added" />
                                </labels>
                              </cell>
                            </row>
                          </rows>
                        </section>
                      </sections>
                    </column>
                  </columns>
                </tab>
                <tab name="DETAILS_TAB" id="{fe1c5c3b-d556-4552-a444-4781214a6d63}" IsUserDefined="0" expanded="true" showlabel="true" ordinalvalue="1">
                  <columns>
                    <column width="34%" id="0">
                      <sections>
                        <section name="PERSONAL INFORMATION" showlabel="true" showbar="false" id="{0F64B9A3-01F2-4411-B0B5-6C6C39D7B011}" IsUserDefined="0" columns="1" labelwidth="115" celllabelposition="Left" ordinalvalue="0">
                          <rows>
                            <row>
                              <cell id="{cb391eb8-02ec-0ee6-9d92-6996d4311809}" showlabel="true" ordinalvalue="10000">
                                <labels>
                                  <label description="Sexo" languagecode="1046" solutionaction="Added" />
                                </labels>
                              </cell>
                            </row>
                            <row>
                              <cell id="{2d8cee50-7123-01e7-c2cc-0068c0ecc4c0}" showlabel="true" ordinalvalue="10001">
                                <labels>
                                  <label description="Estado Civil" languagecode="1046" solutionaction="Added" />
                                </labels>
                              </cell>
                            </row>
                            <row>
                              <cell id="{450c5a59-c7de-1289-0934-9a04bc4e1c72}" showlabel="true" ordinalvalue="10002">
                                <labels>
                                  <label description="Nome do Cônjuge/Companheiro(a)" languagecode="1046" solutionaction="Added" />
                                </labels>
                              </cell>
                            </row>
                            <row>
                              <cell id="{bac50a31-27a0-c7e2-3ab3-5d6aa8895c6e}" showlabel="true" ordinalvalue="10003">
                                <labels>
                                  <label description="Aniversário" languagecode="1046" solutionaction="Added" />
                                </labels>
                              </cell>
                            </row>
                            <row>
                              <cell id="{ba714204-2499-db47-78e0-d8795307301d}" showlabel="true" ordinalvalue="10004">
                                <labels>
                                  <label description="Datas Especiais" languagecode="1046" solutionaction="Added" />
                                </labels>
                              </cell>
                            </row>
                          </rows>
                        </section>
                        <section name="PERSONAL_NOTES_SECTION" showlabel="true" showbar="false" locklevel="0" id="{9435d60e-c5ac-2462-a159-414573dc2e45}" IsUserDefined="0" layout="varwidth" columns="1" labelwidth="115" celllabelalignment="Left" celllabelposition="Top" ordinalvalue="1">
                          <rows>
                            <row>
                              <cell id="{d0c6aad7-7064-924e-b0e0-718dc557ccee}" showlabel="false" locklevel="0" rowspan="5" ordinalvalue="10000">
                                <labels>
                                  <label description="Descrição" languagecode="1046" solutionaction="Added" />
                                </labels>
                              </cell>
                            </row>
                          </rows>
                        </section>
                      </sections>
                    </column>
                    <column width="33%" id="1">
                      <sections>
                        <section name="marketing information" showlabel="true" showbar="false" locklevel="0" id="{a188d8ee-35d1-4f22-acf7-9588059a3f08}" IsUserDefined="0" layout="varheight" columns="1" labelwidth="115" celllabelposition="Left" ordinalvalue="0">
                          <rows>
                            <row>
                              <cell id="{aa4adcc8-47a8-4e93-865c-72d2c903c96e}" ordinalvalue="10000">
                                <labels>
                                  <label description="Cliente Potencial Originador" languagecode="1046" solutionaction="Added" />
                                </labels>
                              </cell>
                            </row>
                          </rows>
                        </section>
                      </sections>
                    </column>
                    <column width="33%" id="2">
                      <sections>
                        <section name="billing information" showlabel="true" showbar="false" id="{4565ac06-d780-4467-9baa-d03d6af45ae7}" IsUserDefined="0" columns="1" labelwidth="115" celllabelposition="Left" ordinalvalue="0">
                          <rows>
                            <row>
                              <cell id="{4e7b2783-1a45-4a13-bfd6-e12915e74161}" ordinalvalue="10000">
                                <labels>
                                  <label description="Moeda" languagecode="1046" solutionaction="Added" />
                                </labels>
                              </cell>
                            </row>
                            <row>
                              <cell id="{6b03860a-a677-48f1-bfdc-a04faf8b151c}" ordinalvalue="10001">
                                <labels>
                                  <label description="Limite de Crédito" languagecode="1046" solutionaction="Added" />
                                </labels>
                              </cell>
                            </row>
                            <row>
                              <cell id="{64e56163-0a77-46c9-9872-50b94d661d96}" ordinalvalue="10004" solutionaction="Modified">
                                <labels>
                                  <label description="Suspensão de Crédito" languagecode="1046" solutionaction="Added" />
                                </labels>
                              </cell>
                            </row>
                            <row>
                              <cell id="{9980090e-c75b-4bc9-834f-63ba6e3a93f2}" ordinalvalue="10005" solutionaction="Modified">
                                <labels>
                                  <label description="Condições de Pagamento" languagecode="1046" solutionaction="Added" />
                                </labels>
                              </cell>
                            </row>
                            <row>
                              <cell id="{de56c7dd-0e61-4bed-ae32-5236c15af1d8}" locklevel="1" colspan="1" rowspan="1" ordinalvalue="10002" solutionaction="Added">
                                <labels>
                                  <label description="Cotação do Dólar" languagecode="1046" />
                                </labels>
                                <control id="ptr_cotacaodolar" classid="{C3EFE0C3-0EC6-42BE-8349-CBD9079DFD8E}" datafieldname="ptr_cotacaodolar" disabled="true" />
                              </cell>
                            </row>
                            <row>
                              <cell id="{9018a3ac-f344-4f3e-add9-a9a3dc9c3c9f}" locklevel="1" colspan="1" rowspan="1" showlabel="true" availableforphone="true" ordinalvalue="10003" solutionaction="Added">
                                <labels>
                                  <label description="Limite de Credito BR" languagecode="1046" />
                                </labels>
                                <control id="ptr_limitedecreditobr" classid="{C3EFE0C3-0EC6-42BE-8349-CBD9079DFD8E}" datafieldname="ptr_limitedecreditobr" disabled="true" />
                              </cell>
                            </row>
                          </rows>
                        </section>
                      </sections>
                    </column>
                  </columns>
                </tab>
              </tabs>
              <header id="{3ff9aa06-4e43-41ce-afa9-22a038af5c19}" celllabelposition="Top" columns="1" labelwidth="115">
                <rows>
                  <row>
                    <cell id="{24be01cc-16a6-8eea-8916-42d20a1097ae}" showlabel="true" locklevel="1" ordinalvalue="10000">
                      <labels>
                        <label description="Proprietário" languagecode="1046" solutionaction="Added" />
                      </labels>
                    </cell>
                  </row>
                </rows>
              </header>
              <events>
                <event name="onload" application="true" active="true">
                  <Handlers>
                    <Handler functionName="Demo.Contact.OnLoad" libraryName="ptr_contatoacademia" handlerUniqueId="{b09e528a-6e7b-491f-9111-915300b6355e}" enabled="true" parameters="" passExecutionContext="true" ordinalvalue="2" solutionaction="Added" />
                  </Handlers>
                </event>
                <event name="onsave" application="true" active="true" solutionaction="Added">
                  <Handlers>
                    <Handler functionName="Demo.Contact.OnSave" libraryName="ptr_contatoacademia" handlerUniqueId="{f5e2a746-06c5-4791-9adc-9d01e6912c9b}" enabled="true" parameters="" passExecutionContext="true" ordinalvalue="0" />
                  </Handlers>
                </event>
              </events>
              <Navigation>
                <NavBar />
              </Navigation>
              <formLibraries>
                <Library name="ptr_jquery" libraryUniqueId="{3871abd7-34c3-4159-bcc5-d92ea43bad32}" solutionaction="Added" />
                <Library name="ptr_helperAcademia" libraryUniqueId="{5d12351e-7f71-4f10-8e19-9cd1112ab394}" solutionaction="Added" />
                <Library name="ptr_contatoacademia" libraryUniqueId="{b8ca6327-a8cd-4760-8a54-3da9f9d66184}" solutionaction="Added" />
              </formLibraries>
              <footer id="{8586c11f-184e-4f2b-95fb-24eab8e2e88a}" celllabelposition="Top" columns="111" labelwidth="115" celllabelalignment="Left" solutionaction="Added">
                <rows>
                  <row>
                    <cell id="{3a0f9c34-70a2-44fd-a18b-95a405a4f56c}" ordinalvalue="10000">
                      <labels>
                        <label description="" languagecode="1046" />
                      </labels>
                    </cell>
                    <cell id="{03d52d90-f36e-4cd6-b19a-a6c47bd97cb3}" ordinalvalue="20001">
                      <labels>
                        <label description="" languagecode="1046" />
                      </labels>
                    </cell>
                    <cell id="{82767e3a-5dbe-4626-ae87-7eb1f4311bf3}" ordinalvalue="30002">
                      <labels>
                        <label description="" languagecode="1046" />
                      </labels>
                    </cell>
                  </row>
                </rows>
              </footer>
            </form>
            <LocalizedNames>
              <LocalizedName description="Contact" languagecode="1046" />
            </LocalizedNames>
            <Descriptions>
              <Description description="Updated default Contact form." languagecode="1046" />
            </Descriptions>
          </systemform>
        </forms>
      </FormXml>
      <RibbonDiffXml>
        <CustomActions />
        <Templates>
          <RibbonTemplates Id="Mscrm.Templates"></RibbonTemplates>
        </Templates>
        <CommandDefinitions />
        <RuleDefinitions>
          <TabDisplayRules />
          <DisplayRules />
          <EnableRules />
        </RuleDefinitions>
        <LocLabels />
      </RibbonDiffXml>
    </Entity>
  </Entities>
  <Roles></Roles>
  <Workflows></Workflows>
  <FieldSecurityProfiles></FieldSecurityProfiles>
  <Templates />
  <EntityMaps />
  <EntityRelationships />
  <OrganizationSettings />
  <optionsets />
  <WebResources>
    <WebResource>
      <WebResourceId>{f2829ac9-afa4-ec11-9840-002248deab8f}</WebResourceId>
      <Name>ptr_contatoacademia</Name>
      <DisplayName>ContatoAcademia</DisplayName>
      <LanguageCode>0</LanguageCode>
      <WebResourceType>3</WebResourceType>
      <IntroducedVersion>1.0.0.0</IntroducedVersion>
      <IsEnabledForMobileClient>0</IsEnabledForMobileClient>
      <IsAvailableForMobileOffline>0</IsAvailableForMobileOffline>
      <IsCustomizable>1</IsCustomizable>
      <CanBeDeleted>1</CanBeDeleted>
      <IsHidden>0</IsHidden>
      <FileName>/WebResources/ptr_contatoacademiaF2829AC9-AFA4-EC11-9840-002248DEAB8F</FileName>
    </WebResource>
    <WebResource>
      <WebResourceId>{38886017-b1a4-ec11-9840-002248deab8f}</WebResourceId>
      <Name>ptr_helperAcademia</Name>
      <DisplayName>helperAcademia</DisplayName>
      <WebResourceType>3</WebResourceType>
      <IntroducedVersion>1.0.0.0</IntroducedVersion>
      <IsEnabledForMobileClient>0</IsEnabledForMobileClient>
      <IsAvailableForMobileOffline>0</IsAvailableForMobileOffline>
      <IsCustomizable>1</IsCustomizable>
      <CanBeDeleted>1</CanBeDeleted>
      <IsHidden>0</IsHidden>
      <FileName>/WebResources/ptr_helperAcademia38886017-B1A4-EC11-9840-002248DEAB8F</FileName>
    </WebResource>
    <WebResource>
      <WebResourceId>{38e6f641-7ea5-ec11-9840-002248deab8f}</WebResourceId>
      <Name>ptr_accountacademia</Name>
      <DisplayName>AccountAcademia</DisplayName>
      <WebResourceType>3</WebResourceType>
      <IntroducedVersion>1.0.0.0</IntroducedVersion>
      <IsEnabledForMobileClient>0</IsEnabledForMobileClient>
      <IsAvailableForMobileOffline>0</IsAvailableForMobileOffline>
      <IsCustomizable>1</IsCustomizable>
      <CanBeDeleted>1</CanBeDeleted>
      <IsHidden>0</IsHidden>
      <FileName>/WebResources/ptr_accountacademia38E6F641-7EA5-EC11-9840-002248DEAB8F</FileName>
    </WebResource>
    <WebResource>
      <WebResourceId>{9d10b4b1-82a5-ec11-9840-002248deab8f}</WebResourceId>
      <Name>ptr_htmlConta</Name>
      <DisplayName>htmlConta</DisplayName>
      <WebResourceType>1</WebResourceType>
      <IntroducedVersion>1.0.0.0</IntroducedVersion>
      <IsEnabledForMobileClient>0</IsEnabledForMobileClient>
      <IsAvailableForMobileOffline>0</IsAvailableForMobileOffline>
      <IsCustomizable>1</IsCustomizable>
      <CanBeDeleted>1</CanBeDeleted>
      <IsHidden>0</IsHidden>
      <FileName>/WebResources/ptr_htmlConta9D10B4B1-82A5-EC11-9840-002248DEAB8F</FileName>
    </WebResource>
  </WebResources>
  <CustomControls />
  <EntityDataProviders />
  <Languages>
    <Language>1046</Language>
  </Languages>
</ImportExportXml>