<ImportExportXml xmlns:xsi="http://www.w3.org/2001/XMLSchema-instance">
  <Entities>
    <Entity>
      <Name LocalizedName="Contato" OriginalName="">Contact</Name>
      <EntityInfo>
        <entity Name="Contact">
          <attributes>
            <attribute PhysicalName="ptr_cpf">
              <Type>nvarchar</Type>
              <Name>ptr_cpf</Name>
              <LogicalName>ptr_cpf</LogicalName>
              <RequiredLevel>none</RequiredLevel>
              <DisplayMask>ValidForAdvancedFind|ValidForForm|ValidForGrid</DisplayMask>
              <ImeMode>auto</ImeMode>
              <ValidForUpdateApi>1</ValidForUpdateApi>
              <ValidForReadApi>1</ValidForReadApi>
              <ValidForCreateApi>1</ValidForCreateApi>
              <IsCustomField>1</IsCustomField>
              <IsAuditEnabled>1</IsAuditEnabled>
              <IsSecured>0</IsSecured>
              <IntroducedVersion>1.0.0.0</IntroducedVersion>
              <IsCustomizable>1</IsCustomizable>
              <IsRenameable>1</IsRenameable>
              <CanModifySearchSettings>1</CanModifySearchSettings>
              <CanModifyRequirementLevelSettings>1</CanModifyRequirementLevelSettings>
              <CanModifyAdditionalSettings>1</CanModifyAdditionalSettings>
              <SourceType>0</SourceType>
              <IsGlobalFilterEnabled>0</IsGlobalFilterEnabled>
              <IsSortableEnabled>0</IsSortableEnabled>
              <CanModifyGlobalFilterSettings>1</CanModifyGlobalFilterSettings>
              <CanModifyIsSortableSettings>1</CanModifyIsSortableSettings>
              <IsDataSourceSecret>0</IsDataSourceSecret>
              <AutoNumberFormat></AutoNumberFormat>
              <IsSearchable>0</IsSearchable>
              <IsFilterable>0</IsFilterable>
              <IsRetrievable>0</IsRetrievable>
              <IsLocalizable>0</IsLocalizable>
              <Format>text</Format>
              <MaxLength>100</MaxLength>
              <Length>200</Length>
              <displaynames>
                <displayname description="CPF" languagecode="1046" />
              </displaynames>
              <Descriptions>
                <Description description="" languagecode="1046" />
              </Descriptions>
            </attribute>
          </attributes>
          <EntityKeys>
            <EntityKey>
              <Name>ptr_cpf</Name>
              <LogicalName>ptr_cpf</LogicalName>
              <IntroducedVersion>1.0.0.0</IntroducedVersion>
              <IsCustomizable>0</IsCustomizable>
              <EntityKeyAttributes>
                <AttributeName>ptr_cpf</AttributeName>
              </EntityKeyAttributes>
              <displaynames>
                <displayname description="cpf" languagecode="1046" />
              </displaynames>
            </EntityKey>
          </EntityKeys>
        </entity>
      </EntityInfo>
      <RibbonDiffXml>
        <CustomActions />
        <Templates>
          <RibbonTemplates Id="Mscrm.Templates"></RibbonTemplates>
        </Templates>
        <CommandDefinitions />
        <RuleDefinitions>
          <TabDisplayRules />
          <DisplayRules />
          <EnableRules />
        </RuleDefinitions>
        <LocLabels />
      </RibbonDiffXml>
    </Entity>
  </Entities>
  <Roles></Roles>
  <Workflows></Workflows>
  <FieldSecurityProfiles></FieldSecurityProfiles>
  <Templates />
  <EntityMaps />
  <EntityRelationships />
  <OrganizationSettings />
  <optionsets />
  <CustomControls />
  <SolutionPluginAssemblies>
    <PluginAssembly FullName="AcademiaD365.CE, Version=1.0.0.0, Culture=neutral, PublicKeyToken=bca38a5ab8c5e61f" PluginAssemblyId="a55c1995-23be-4e00-b133-c157b1dea34e" CustomizationLevel="1">
      <IsolationMode>2</IsolationMode>
      <SourceType>0</SourceType>
      <IntroducedVersion>1.0</IntroducedVersion>
      <FileName>/PluginAssemblies/AcademiaD365CE-A55C1995-23BE-4E00-B133-C157B1DEA34E/AcademiaD365CE.dll</FileName>
      <PluginTypes>
        <PluginType AssemblyQualifiedName="AcademiaD365.CE.Plugins.Contato.GeraTarefa, AcademiaD365.CE, Version=1.0.0.0, Culture=neutral, PublicKeyToken=bca38a5ab8c5e61f" PluginTypeId="df548d82-4b22-47b5-bc68-5ba3e9548fe4" Name="AcademiaD365.CE.Plugins.Contato.GeraTarefa">
          <FriendlyName>06f21ff4-8e5e-4219-8996-8dd8239ef258</FriendlyName>
        </PluginType>
        <PluginType AssemblyQualifiedName="AcademiaD365.CE.Plugins.Contato.ValidaCpj, AcademiaD365.CE, Version=1.0.0.0, Culture=neutral, PublicKeyToken=bca38a5ab8c5e61f" PluginTypeId="de5b9954-84d3-4daf-85c6-bb10815d022c" Name="AcademiaD365.CE.Plugins.Contato.ValidaCpj">
          <FriendlyName>363529cf-16a7-4448-8418-ba78c4864a28</FriendlyName>
        </PluginType>
        <PluginType AssemblyQualifiedName="AcademiaD365.CE.Plugins.Oportunidade.ContabilizaImpostos, AcademiaD365.CE, Version=1.0.0.0, Culture=neutral, PublicKeyToken=bca38a5ab8c5e61f" PluginTypeId="f3537a7f-6681-4642-8a7b-290c829113bc" Name="AcademiaD365.CE.Plugins.Oportunidade.ContabilizaImpostos">
          <FriendlyName>99f18a4b-8441-4b3b-9bb7-375e8845c416</FriendlyName>
        </PluginType>
      </PluginTypes>
    </PluginAssembly>
  </SolutionPluginAssemblies>
  <SdkMessageProcessingSteps>
    <SdkMessageProcessingStep Name="AcademiaD365.CE.Plugins.Contato.GeraTarefa: Create of contact" SdkMessageProcessingStepId="{aeda827e-0ca7-ec11-9840-002248deab8f}">
      <SdkMessageId>9ebdbb1b-ea3e-db11-86a7-000a3a5473e8</SdkMessageId>
      <PluginTypeName>AcademiaD365.CE.Plugins.Contato.GeraTarefa, AcademiaD365.CE, Version=1.0.0.0, Culture=neutral, PublicKeyToken=bca38a5ab8c5e61f</PluginTypeName>
      <PluginTypeId>df548d82-4b22-47b5-bc68-5ba3e9548fe4</PluginTypeId>
      <PrimaryEntity>contact</PrimaryEntity>
      <AsyncAutoDelete>0</AsyncAutoDelete>
      <Description>AcademiaD365.CE.Plugins.Contato.GeraTarefa: Create of contact</Description>
      <FilteringAttributes></FilteringAttributes>
      <InvocationSource>1</InvocationSource>
      <Mode>1</Mode>
      <Rank>1</Rank>
      <EventHandlerTypeCode>4602</EventHandlerTypeCode>
      <Stage>40</Stage>
      <IsCustomizable>1</IsCustomizable>
      <IsHidden>0</IsHidden>
      <SupportedDeployment>0</SupportedDeployment>
      <IntroducedVersion>1.0</IntroducedVersion>
      <SdkMessageProcessingStepImages />
    </SdkMessageProcessingStep>
    <SdkMessageProcessingStep Name="AcademiaD365.CE.Plugins.Contato.ValidaCpj: Update of contact" SdkMessageProcessingStepId="{5afb2346-49a6-ec11-9840-002248deab8f}">
      <SdkMessageId>20bebb1b-ea3e-db11-86a7-000a3a5473e8</SdkMessageId>
      <PluginTypeName>AcademiaD365.CE.Plugins.Contato.ValidaCpj, AcademiaD365.CE, Version=1.0.0.0, Culture=neutral, PublicKeyToken=bca38a5ab8c5e61f</PluginTypeName>
      <PluginTypeId>de5b9954-84d3-4daf-85c6-bb10815d022c</PluginTypeId>
      <PrimaryEntity>contact</PrimaryEntity>
      <AsyncAutoDelete>0</AsyncAutoDelete>
      <Description>AcademiaD365.CE.Plugins.Contato.ValidaCpj: Update of contact</Description>
      <FilteringAttributes></FilteringAttributes>
      <InvocationSource>0</InvocationSource>
      <Mode>0</Mode>
      <Rank>1</Rank>
      <EventHandlerTypeCode>4602</EventHandlerTypeCode>
      <Stage>10</Stage>
      <IsCustomizable>1</IsCustomizable>
      <IsHidden>0</IsHidden>
      <SupportedDeployment>0</SupportedDeployment>
      <IntroducedVersion>1.0</IntroducedVersion>
      <SdkMessageProcessingStepImages />
    </SdkMessageProcessingStep>
    <SdkMessageProcessingStep Name="AcademiaD365.CE.Plugins.Oportunidade.ContabilizaImpostos: Create of opportunityproduct" SdkMessageProcessingStepId="{17b15655-16a7-ec11-9840-002248deab8f}">
      <SdkMessageId>9ebdbb1b-ea3e-db11-86a7-000a3a5473e8</SdkMessageId>
      <PluginTypeName>AcademiaD365.CE.Plugins.Oportunidade.ContabilizaImpostos, AcademiaD365.CE, Version=1.0.0.0, Culture=neutral, PublicKeyToken=bca38a5ab8c5e61f</PluginTypeName>
      <PluginTypeId>f3537a7f-6681-4642-8a7b-290c829113bc</PluginTypeId>
      <PrimaryEntity>opportunityproduct</PrimaryEntity>
      <AsyncAutoDelete>0</AsyncAutoDelete>
      <Description>AcademiaD365.CE.Plugins.Oportunidade.ContabilizaImpostos: Create of opportunityproduct</Description>
      <FilteringAttributes></FilteringAttributes>
      <InvocationSource>1</InvocationSource>
      <Mode>0</Mode>
      <Rank>1</Rank>
      <EventHandlerTypeCode>4602</EventHandlerTypeCode>
      <Stage>20</Stage>
      <IsCustomizable>1</IsCustomizable>
      <IsHidden>0</IsHidden>
      <SupportedDeployment>0</SupportedDeployment>
      <IntroducedVersion>1.0</IntroducedVersion>
      <SdkMessageProcessingStepImages />
    </SdkMessageProcessingStep>
    <SdkMessageProcessingStep Name="AcademiaD365.CE.Plugins.Oportunidade.ContabilizaImpostos: Update of opportunity" SdkMessageProcessingStepId="{b0649b95-14a7-ec11-9840-002248deab8f}">
      <SdkMessageId>20bebb1b-ea3e-db11-86a7-000a3a5473e8</SdkMessageId>
      <PluginTypeName>AcademiaD365.CE.Plugins.Oportunidade.ContabilizaImpostos, AcademiaD365.CE, Version=1.0.0.0, Culture=neutral, PublicKeyToken=bca38a5ab8c5e61f</PluginTypeName>
      <PluginTypeId>f3537a7f-6681-4642-8a7b-290c829113bc</PluginTypeId>
      <PrimaryEntity>opportunityproduct</PrimaryEntity>
      <AsyncAutoDelete>0</AsyncAutoDelete>
      <Description>AcademiaD365.CE.Plugins.Oportunidade.ContabilizaImpostos: Update of opportunity</Description>
      <FilteringAttributes></FilteringAttributes>
      <InvocationSource>1</InvocationSource>
      <Mode>0</Mode>
      <Rank>1</Rank>
      <EventHandlerTypeCode>4602</EventHandlerTypeCode>
      <Stage>20</Stage>
      <IsCustomizable>1</IsCustomizable>
      <IsHidden>0</IsHidden>
      <SupportedDeployment>0</SupportedDeployment>
      <IntroducedVersion>1.0</IntroducedVersion>
      <SdkMessageProcessingStepImages>
        <SdkMessageProcessingStepImage Name="preImage">
          <SdkMessageProcessingStepImageId>{47c00485-15a7-ec11-9840-002248deab8f}</SdkMessageProcessingStepImageId>
          <Attributes>priceperunit,productid,quantity</Attributes>
          <EntityAlias>preImage</EntityAlias>
          <ImageType>0</ImageType>
          <MessagePropertyName>Target</MessagePropertyName>
          <IsCustomizable>1</IsCustomizable>
        </SdkMessageProcessingStepImage>
      </SdkMessageProcessingStepImages>
    </SdkMessageProcessingStep>
  </SdkMessageProcessingSteps>
  <EntityDataProviders />
  <Languages>
    <Language>1046</Language>
  </Languages>
</ImportExportXml>