<ImportExportXml version="9.2.22031.131" SolutionPackageVersion="9.2" languagecode="1046" generatedBy="CrmLive" xmlns:xsi="http://www.w3.org/2001/XMLSchema-instance">
  <SolutionManifest>
    <UniqueName>Backend</UniqueName>
    <LocalizedNames>
      <LocalizedName description="Back-end" languagecode="1046" />
    </LocalizedNames>
    <Descriptions />
    <Version>1.0.0.0</Version>
    <Managed>0</Managed>
    <Publisher>
      <UniqueName>Pentare</UniqueName>
      <LocalizedNames>
        <LocalizedName description="Pentare " languagecode="1046" />
      </LocalizedNames>
      <Descriptions />
      <EMailAddress xsi:nil="true"></EMailAddress>
      <SupportingWebsiteUrl xsi:nil="true"></SupportingWebsiteUrl>
      <CustomizationPrefix>ptr</CustomizationPrefix>
      <CustomizationOptionValuePrefix>89566</CustomizationOptionValuePrefix>
      <Addresses>
        <Address>
          <AddressNumber>1</AddressNumber>
          <AddressTypeCode>1</AddressTypeCode>
          <City xsi:nil="true"></City>
          <County xsi:nil="true"></County>
          <Country xsi:nil="true"></Country>
          <Fax xsi:nil="true"></Fax>
          <FreightTermsCode xsi:nil="true"></FreightTermsCode>
          <ImportSequenceNumber xsi:nil="true"></ImportSequenceNumber>
          <Latitude xsi:nil="true"></Latitude>
          <Line1 xsi:nil="true"></Line1>
          <Line2 xsi:nil="true"></Line2>
          <Line3 xsi:nil="true"></Line3>
          <Longitude xsi:nil="true"></Longitude>
          <Name xsi:nil="true"></Name>
          <PostalCode xsi:nil="true"></PostalCode>
          <PostOfficeBox xsi:nil="true"></PostOfficeBox>
          <PrimaryContactName xsi:nil="true"></PrimaryContactName>
          <ShippingMethodCode>1</ShippingMethodCode>
          <StateOrProvince xsi:nil="true"></StateOrProvince>
          <Telephone1 xsi:nil="true"></Telephone1>
          <Telephone2 xsi:nil="true"></Telephone2>
          <Telephone3 xsi:nil="true"></Telephone3>
          <TimeZoneRuleVersionNumber xsi:nil="true"></TimeZoneRuleVersionNumber>
          <UPSZone xsi:nil="true"></UPSZone>
          <UTCOffset xsi:nil="true"></UTCOffset>
          <UTCConversionTimeZoneCode xsi:nil="true"></UTCConversionTimeZoneCode>
        </Address>
        <Address>
          <AddressNumber>2</AddressNumber>
          <AddressTypeCode>1</AddressTypeCode>
          <City xsi:nil="true"></City>
          <County xsi:nil="true"></County>
          <Country xsi:nil="true"></Country>
          <Fax xsi:nil="true"></Fax>
          <FreightTermsCode xsi:nil="true"></FreightTermsCode>
          <ImportSequenceNumber xsi:nil="true"></ImportSequenceNumber>
          <Latitude xsi:nil="true"></Latitude>
          <Line1 xsi:nil="true"></Line1>
          <Line2 xsi:nil="true"></Line2>
          <Line3 xsi:nil="true"></Line3>
          <Longitude xsi:nil="true"></Longitude>
          <Name xsi:nil="true"></Name>
          <PostalCode xsi:nil="true"></PostalCode>
          <PostOfficeBox xsi:nil="true"></PostOfficeBox>
          <PrimaryContactName xsi:nil="true"></PrimaryContactName>
          <ShippingMethodCode>1</ShippingMethodCode>
          <StateOrProvince xsi:nil="true"></StateOrProvince>
          <Telephone1 xsi:nil="true"></Telephone1>
          <Telephone2 xsi:nil="true"></Telephone2>
          <Telephone3 xsi:nil="true"></Telephone3>
          <TimeZoneRuleVersionNumber xsi:nil="true"></TimeZoneRuleVersionNumber>
          <UPSZone xsi:nil="true"></UPSZone>
          <UTCOffset xsi:nil="true"></UTCOffset>
          <UTCConversionTimeZoneCode xsi:nil="true"></UTCConversionTimeZoneCode>
        </Address>
      </Addresses>
    </Publisher>
    <RootComponents>
      <RootComponent type="1" schemaName="contact" behavior="2" />
      <RootComponent type="91" id="{a55c1995-23be-4e00-b133-c157b1dea34e}" schemaName="AcademiaD365.CE, Version=1.0.0.0, Culture=neutral, PublicKeyToken=bca38a5ab8c5e61f" behavior="0" />
      <RootComponent type="92" id="{17b15655-16a7-ec11-9840-002248deab8f}" behavior="0" />
      <RootComponent type="92" id="{5afb2346-49a6-ec11-9840-002248deab8f}" behavior="0" />
      <RootComponent type="92" id="{aeda827e-0ca7-ec11-9840-002248deab8f}" behavior="0" />
      <RootComponent type="92" id="{b0649b95-14a7-ec11-9840-002248deab8f}" behavior="0" />
    </RootComponents>
    <MissingDependencies>
      <MissingDependency>
        <Required type="1" schemaName="opportunityproduct" displayName="Produto da Oportunidade" solution="msdynce_Sales (9.0.4.0076)">
          <package>msdynce_SalesAnchor (9.0.22024.10005)</package>
        </Required>
        <Dependent type="92" displayName="AcademiaD365.CE.Plugins.Oportunidade.ContabilizaImpostos: Create of opportunityproduct" id="{17b15655-16a7-ec11-9840-002248deab8f}" />
      </MissingDependency>
      <MissingDependency>
        <Required type="1" schemaName="opportunityproduct" displayName="Produto da Oportunidade" solution="msdynce_Sales (9.0.4.0076)">
          <package>msdynce_SalesAnchor (9.0.22024.10005)</package>
        </Required>
        <Dependent type="92" displayName="AcademiaD365.CE.Plugins.Oportunidade.ContabilizaImpostos: Update of opportunity" id="{b0649b95-14a7-ec11-9840-002248deab8f}" />
      </MissingDependency>
      <MissingDependency>
        <Required type="1" schemaName="opportunityproduct" displayName="Produto da Oportunidade" solution="msdynce_Sales (9.0.4.0076)">
          <package>msdynce_SalesAnchor (9.0.22024.10005)</package>
        </Required>
        <Dependent type="93" id="{47c00485-15a7-ec11-9840-002248deab8f}" />
      </MissingDependency>
      <MissingDependency>
        <Required type="2" schemaName="priceperunit" displayName="Preço por Unidade" parentSchemaName="opportunityproduct" parentDisplayName="Produto da Oportunidade" solution="msdynce_Sales (9.0.4.0076)">
          <package>msdynce_SalesAnchor (9.0.22024.10005)</package>
        </Required>
        <Dependent type="93" id="{47c00485-15a7-ec11-9840-002248deab8f}" />
      </MissingDependency>
      <MissingDependency>
        <Required type="2" schemaName="productid" displayName="Produto Existente" parentSchemaName="opportunityproduct" parentDisplayName="Produto da Oportunidade" solution="msdynce_Sales (9.0.4.0076)">
          <package>msdynce_SalesAnchor (9.0.22024.10005)</package>
        </Required>
        <Dependent type="93" id="{47c00485-15a7-ec11-9840-002248deab8f}" />
      </MissingDependency>
      <MissingDependency>
        <Required type="2" schemaName="quantity" displayName="Quantidade" parentSchemaName="opportunityproduct" parentDisplayName="Produto da Oportunidade" solution="msdynce_Sales (9.0.4.0076)">
          <package>msdynce_SalesAnchor (9.0.22024.10005)</package>
        </Required>
        <Dependent type="93" id="{47c00485-15a7-ec11-9840-002248deab8f}" />
      </MissingDependency>
    </MissingDependencies>
  </SolutionManifest>
</ImportExportXml>